alignment_eta,alignment_n0,basis_size,bias_strength,candidate_count,converged,curvature_biased,curvature_force_signed,dot_initial,effective_ritz_value,energy_delta_step_0p05,energy_delta_step_0p1,energy_delta_step_0p2,fallback_used,force_projection,hvp_count,kind,label,method,micro_energy_delta_step_0p05,micro_energy_delta_step_0p1,micro_energy_delta_step_0p2,micro_remaining_fraction_step_0p05,micro_remaining_fraction_step_0p1,micro_remaining_fraction_step_0p2,overlap_lanczos32,overlap_scored_selected,penalty_alpha,rayleigh,ritz_value,rotations,score,seed_kind,seed_label,seed_rayleigh,selected_ritz_index,selected_ritz_value,system
,,8,,,,,,,,0.0250244140625,0.0460205078125,0.085296630859375,,-0.561950598784901,8,,m8,lanczos,6495.581848144531,864.5043029785156,412.8300476074219,473.0700577242351,304.50665899420676,186.99010720821073,0.8103146602043778,0.007027805606656392,,-2.7306024345702418,-2.7347043537214115,,,,,,,,c60
,,16,,,,,,,,0.030426025390625,0.051849365234375,0.08819580078125,,-0.7314966700515861,16,,m16,lanczos,1504.4815063476562,1768.1788940429688,1609.0222778320312,318.79975302704656,154.9042118344844,73.01365362920862,0.9988530528900239,0.00044016552868124013,,-5.651325269470584,-5.648577563197109,,,,,,,,c60
,,32,,,,,,,,0.03057861328125,0.0521240234375,0.088531494140625,,-0.7369294430566375,32,,m32,lanczos,1147.9197082519531,1081.3536376953125,870.1115112304688,326.21356771372143,162.0256181345417,79.60075417717383,1.0000000000000002,0.00107580498009302,,-5.67005447151631,-5.671250969807681,,,,,,,,c60
,,,,,,,,,,0.056640625,0.19769287109375,0.712615966796875,,-0.25437438891352104,1,bond,bond_0,pool_candidate,159.90505981445312,201.85418701171875,398.0207824707031,941.5258652441079,357.49454275471345,277.36328156712324,0.001066830679883847,9.829596991257419e-35,,35.69042805117441,,,,,,,,,c60
,,,,,,,,,,0.041290283203125,0.14190673828125,0.5125732421875,,-0.22578882574049397,1,bond,bond_1,pool_candidate,1216.6387329101562,1509.8059692382812,483.67578887939453,219.04047344147003,151.74903671341906,913.9539323804428,0.001075804980094096,0.999999999999,,24.153526797352985,,,,,,,,,c60
,,,,,,,,,,0.049041748046875,0.182525634765625,0.7054443359375,,-0.1408179881564789,1,random,random_2,pool_candidate,283.32366943359375,377.9230041503906,322.771484375,544.7126815994199,846.1049022918278,165.07344068660979,0.03905976421067978,0.021270890623238885,,33.529160073322494,,,,,,,,,c60
,,,,,,,,,,0.03973388671875,0.16033935546875,0.646759033203125,,0.010007576296937347,1,random,random_3,pool_candidate,512.1529388427734,221.07565307617188,177.58303833007812,854.1665698026479,313.05591600276205,283.43231396078625,0.019762013521607596,0.06609994609726853,,32.12141517407091,,,,,,,,,c60
,,,,,,,,,,0.041290283203125,0.1563720703125,0.60400390625,,-0.08769823735120853,1,random,random_4,pool_candidate,274.8320617675781,140.0069580078125,480.2012710571289,2993.6327421443084,383.73258225689455,655.8210821581551,0.04512290801063353,0.03769948759229625,,29.690422268724603,,,,,,,,,c60
,,,,,,,,,,0.05023193359375,0.20556640625,0.829345703125,,0.05238644451531929,1,random,random_5,pool_candidate,97.80807495117188,266.0213928222656,529.0020980834961,230.78742782385953,301.1523037979009,341.97391998412553,0.04521938571398287,0.005738534249772049,,42.346778580614966,,,,,,,,,c60
,,,,,,,,,,0.07061767578125,0.245758056640625,0.91387939453125,,-0.37173194825528383,1,random,random_6,pool_candidate,829.2437744140625,369.0786666870117,135.733642578125,273.72979277526224,406.2340275664429,1447.1333980087993,0.14020739001917196,0.009770973754037997,,41.493122851667856,,,,,,,,,c60
,,,,,,,,,,0.037017822265625,0.170166015625,0.723419189453125,,0.2231404711623555,1,random,random_7,pool_candidate,595.051139831543,999.3067321777344,222.8067626953125,367.8669541337668,1066.861183343721,344.4302317741435,0.048576230794049886,0.06843546909292218,,38.61855892577488,,,,,,,,,c60
,,,,,,,,,,0.03057861328125,0.154754638671875,0.6854248046875,,0.3208105127394228,1,random,random_8,pool_candidate,286.4291534423828,369.19876861572266,696.0131225585938,101.80666875789784,975.6020964771756,653.5540125918842,0.07181410826655601,0.03421271977899377,,37.295243891966365,,,,,,,,,c60
,,,,,,,,,,0.0439453125,0.170257568359375,0.66998291015625,,-0.052974583251827106,1,random,random_9,pool_candidate,578.894660949707,229.66384887695312,727.5958862304688,490.62690958878403,156.0405135818698,207.69563102690353,0.08829979752519994,0.1061056188018128,,33.01865692309673,,,,,,,,,c60
,,,,,,,,,,0.03741455078125,0.16802978515625,0.707427978515625,,0.18709054170075262,1,random,random_10,pool_candidate,171.60009765625,356.3079528808594,205.03985595703125,896.7244055153218,491.9303390898194,97.45196055908654,0.05377286863570673,0.04522454044688404,,37.51609432462447,,,,,,,,,c60
,,,,,,,,,,0.041900634765625,0.171112060546875,0.69110107421875,,0.0357931946687745,1,random,random_11,pool_candidate,335.0518798828125,297.7192687988281,521.6616592407227,851.3255513174837,359.16732613502637,349.78728541677754,0.07079922387387531,0.03830289051890747,,34.997949907751,,,,,,,,,c60
,,,,12,,,,,,0.04132080078125,0.141937255859375,0.5125732421875,,-0.2257882853439745,13,bond,bond,scored_pool_selected,1216.7785949707031,1509.9902954101562,483.6933822631836,219.04531010534757,151.74666814352366,913.9568907397353,0.001075804980094096,0.999999999999,,24.153792333499112,,,-12.0764635079418,,,,,,c60
,0.471719215494501,12,,,,,,,0.20726109726452227,0.003692626953125,0.00860595703125,0.022796630859375,,-0.06374096359291863,12,,bond_0_m12_alpha1,penalized_lanczos,858.3951110839844,543.7027816772461,359.7705841064453,322.36321818995873,159.27636885141138,80.3264447360165,0.026474603347478722,0.007355581594153887,1.0,0.4371282774570608,,,,bond,bond_0,35.69042805117441,,,c60
,0.5604155309823452,12,,,,,,,-0.8656143944222007,-0.002197265625,-0.0028076171875,0.001190185546875,,0.06172120725829809,12,,bond_0_m12_alpha5,penalized_lanczos,1658.8997497558594,1385.8359680175781,532.8908157348633,332.4970645355995,169.39470618373355,90.88283696172873,0.020031377552270392,0.004091680993634377,5.0,0.7106703474346674,,,,bond,bond_0,35.69042805117441,,,c60
,0.771424499226461,12,,,,,,,-7.887246912157816,0.008087158203125,0.026947021484375,0.0997314453125,,-0.05992098049978407,12,,bond_0_m12_alpha20,penalized_lanczos,425.22229766845703,190.73992919921875,145.79449462890625,342.65799698346154,193.54744074255365,165.1154954939733,0.00548214676868079,0.0007558365735636902,20.0,4.014476052529679,,,,bond,bond_0,35.69042805117441,,,c60
,0.4358190554489896,12,,,,,,,1.8416547738156301,0.00244140625,0.009918212890625,0.040130615234375,,0.0019629449380705677,12,,bond_1_m12_alpha1,penalized_lanczos,863.3030700683594,703.66064453125,577.2211685180664,338.96529034440425,176.84420567704768,100.30838175690772,0.027182164428485613,0.43581905544855376,1.0,2.0341692796039332,,,,bond,bond_1,24.153526797352985,,,c60
,0.6321161694678816,12,,,,,,,0.6787860263239368,0.0030517578125,0.012847900390625,0.05303955078125,,0.005713508891591018,12,,bond_1_m12_alpha5,penalized_lanczos,1341.2105407714844,1500.7489624023438,1918.4290466308594,343.4662260995152,169.02270216096915,61.64082181653713,0.021051334844206303,0.6321161694672495,5.0,2.6798292966840522,,,,bond,bond_1,24.153526797352985,,,c60
,0.8761405028127129,12,,,,,,,-8.863016682420673,0.009613037109375,0.0361328125,0.1414794921875,,-0.029555435156351534,12,,bond_1_m12_alpha20,penalized_lanczos,1222.436767578125,1120.5409545898438,1094.89208984375,236.59400713606126,107.82291002176322,52.70349391697307,0.003622091996670492,0.8761405028118369,20.0,6.488389376851138,,,,bond,bond_1,24.153526797352985,,,c60
,0.0878565724495496,12,,,,,,,-3.8097042139538475,-0.03857421875,-0.089630126953125,-0.23358154296875,,0.6670002385548353,12,,random_2_m12_alpha1,penalized_lanczos,2254.814422607422,1627.3777770996094,1085.2567749023438,562.4159720535416,446.3188737246264,95.97939752999108,0.8999177869723182,0.023592851463015957,1.0,-3.8043613255987525,,,,random,random_2,33.529160073322494,,,c60
,0.1232384054461274,12,,,,,,,-3.8514809481744425,0.0289306640625,0.051971435546875,0.0948486328125,,-0.6622267732706313,12,,random_2_m12_alpha5,penalized_lanczos,493.5689926147461,447.89414978027344,295.4171447753906,203.55531316156805,73.69543403291001,37.87260318257682,0.893519348607183,0.024715436974549435,5.0,-3.772003467067417,,,,random,random_2,33.529160073322494,,,c60
,0.7736575096777769,12,,,,,,,-7.341481043750925,0.01422119140625,0.04022216796875,0.127532958984375,,-0.16986204026776347,12,,random_2_m12_alpha20,penalized_lanczos,1281.6613159179688,373.4951629638672,129.1187744140625,245.99646330291853,108.931049359053,54.54882864641853,0.2446492436110313,0.022446009715247253,20.0,4.616633574156186,,,,random,random_2,33.529160073322494,,,c60
,0.10420354771947901,12,,,,,,,-1.8613548269189348,-0.028900146484375,-0.06414794921875,-0.15704345703125,,0.5258271902168729,12,,random_3_m12_alpha1,penalized_lanczos,383.4622573852539,1321.6513061523438,380.3005905151367,288.3090461113144,140.42751310901335,92.4845492009573,0.753475153529482,0.04753907549665029,1.0,-1.8487047094690854,,,,random,random_3,32.12141517407091,,,c60
,0.1548506406895379,12,,,,,,,-1.9172428552258916,-0.02838134765625,-0.06280517578125,-0.1533203125,,0.5163896312584202,12,,random_3_m12_alpha5,penalized_lanczos,397.41539764404297,967.3507995605469,601.0954360961914,291.662920908855,143.16397292660994,93.05660223400442,0.7391267420179068,0.04342497558812968,5.0,-1.7952990309788395,,,,random,random_3,32.12141517407091,,,c60
,0.806593059426485,12,,,,,,,-6.584114870750146,0.003936767578125,0.023956298828125,0.11187744140625,,0.0812028838377553,12,,random_3_m12_alpha20,penalized_lanczos,370.47828674316406,322.16998291015625,336.0323944091797,392.9676268902611,257.8953976011144,229.53145727085177,0.13141674506736883,0.036201299835708606,20.0,6.445806867899466,,,,random,random_3,32.12141517407091,,,c60
,0.0772053411621911,12,,,,,,,-4.394199547081985,0.030792236328125,0.054595947265625,0.0968017578125,,-0.7131200751881308,12,,random_4_m12_alpha1,penalized_lanczos,855.0354919433594,398.7665023803711,206.36956787109375,284.1373956244436,160.70480028053373,119.51422591637449,0.9379028118951864,0.009788332614008792,1.0,-4.391384038966515,,,,random,random_4,29.690422268724603,,,c60
,0.10793087657097436,12,,,,,,,-4.444974754256778,0.03076171875,0.054473876953125,0.096343994140625,,-0.711411926050765,12,,random_4_m12_alpha5,penalized_lanczos,932.1217956542969,459.813663482666,219.70974731445312,282.4348119089564,158.8143289848154,117.25790823991306,0.9357871031403343,0.00914693323171883,5.0,-4.390876281392318,,,,random,random_4,29.690422268724603,,,c60
,0.8244875767919073,12,,,,,,,-8.315218115726575,-0.001129150390625,0.010894775390625,0.07391357421875,,0.15420908178849074,12,,random_4_m12_alpha20,penalized_lanczos,451.75445556640625,482.797607421875,247.16415405273438,430.60234966615184,275.90058430314974,203.5517996988364,0.23524585084492836,0.013823795401324833,20.0,5.264164127432801,,,,random,random_4,29.690422268724603,,,c60
,0.0684671747929722,12,,,,,,,-4.66190213325321,0.029296875,0.051513671875,0.09259033203125,,-0.6872187112548235,12,,random_5_m12_alpha1,penalized_lanczos,889.0109252929688,529.0393295288086,597.2195205688477,337.41639249019397,189.023380775474,113.55816887387707,0.9466649834326722,0.03378619257958075,1.0,-4.661607914016547,,,,random,random_5,42.346778580614966,,,c60
,0.08512431581231299,12,,,,,,,-4.671791907812864,-0.04071044921875,-0.0966796875,-0.258880615234375,,0.6855943387333505,12,,random_5_m12_alpha5,penalized_lanczos,1486.7847595214844,1706.5530395507812,1221.64697265625,378.41161248778536,258.3965501933263,207.56350055235154,0.9443357678966346,0.035075530710723085,5.0,-4.638310771331541,,,,random,random_5,42.346778580614966,,,c60
,0.4684309923362841,12,,,,,,,-5.360864198042707,0.027984619140625,0.05621337890625,0.1246337890625,,-0.5749747625484736,12,,random_5_m12_alpha20,penalized_lanczos,561.4768142700195,307.227783203125,176.35781860351562,406.19411008966466,239.26200524242714,91.81553383879039,0.7697542145740549,0.04498536517857719,20.0,-0.9793035420291255,,,,random,random_5,42.346778580614966,,,c60
0.3,0.44871306728007954,12,,,,,,,,0.003448486328125,0.0079345703125,0.02105712890625,0,-0.057644097438320774,24,,bond_0_m12_eta0.3,constrained_ritz,945.6333618164062,626.1937255859375,273.5730743408203,321.659168838265,158.44043421579784,78.7455717242789,0.019887036625141324,0.00832942059246037,,0.4308410613120883,,,,bond,bond_0,35.69042805117441,0,0.423695555241418,c60
0.6,0.44871306728007954,12,,,,,,,,0.00335693359375,0.007904052734375,0.021087646484375,1,-0.05764632315179026,24,,bond_0_m12_eta0.6,constrained_ritz,945.5107727050781,626.1710205078125,273.5762481689453,321.6573019081088,158.4373601646767,78.74835223029694,0.019887036625141324,0.00832942059246037,,0.4308410613120883,,,,bond,bond_0,35.69042805117441,0,0.423695555241418,c60
0.3,0.3888845109139787,12,,,,,,,,0.002655029296875,0.010284423828125,0.041290283203125,0,-0.0019518893392519586,24,,bond_1_m12_eta0.3,constrained_ritz,1486.4967651367188,1757.2937622070312,1804.1376342773438,311.7228831717495,149.1059654492635,70.0726889822115,0.030157071494828956,0.3888845109135897,,2.0099142695396566,,,,bond,bond_1,24.153526797352985,0,2.0023849447785,c60
0.6,0.3888845109139787,12,,,,,,,,0.0025634765625,0.010284423828125,0.04144287109375,1,-0.0019493517430695592,24,,bond_1_m12_eta0.6,constrained_ritz,1486.3147583007812,1757.2129516601562,1804.2649536132812,311.7251839139594,149.10418310468853,70.07725572836283,0.030157071494828956,0.3888845109135897,,2.0099142695396566,,,,bond,bond_1,24.153526797352985,0,2.0023849447785,c60
0.3,0.49404499886818465,12,,,,,,,,0.007476806640625,0.02020263671875,0.061248779296875,0,-0.09843434384950667,24,,random_2_m12_eta0.3,constrained_ritz,713.216552734375,439.2358169555664,390.2036361694336,247.81319311695722,98.7192448251,37.02470058104841,0.1378129749665536,0.03557679723902561,,2.0729001490850902,,,,random,random_2,33.529160073322494,1,2.0753004520165805,c60
0.6,0.08177404391808366,12,,,,,,,,0.02923583984375,0.0526123046875,0.0963134765625,1,-0.6680501590808399,24,,random_2_m12_eta0.6,constrained_ritz,473.5432357788086,460.1880073547363,284.4120788574219,205.4213292291432,75.63971318642737,39.826157999198024,0.9007509620114402,0.024341225175697853,,-3.797107784621941,,,,random,random_2,33.529160073322494,0,-3.811244850625479,c60
0.3,0.4928683940087864,12,,,,,,,,0.010528564453125,0.029388427734375,0.092529296875,0,-0.12562224409130202,24,,random_3_m12_eta0.3,constrained_ritz,1766.8698120117188,872.8238830566406,352.7978057861328,377.4988299065766,217.63333931517485,118.91292071409275,0.21744175432888008,0.03559920949068409,,3.364094538570621,,,,random,random_3,32.12141517407091,1,3.3558186279994344,c60
0.6,0.0965472487969111,12,,,,,,,,-0.02899169921875,-0.064239501953125,-0.157135009765625,1,0.5270944750671671,24,,random_3_m12_eta0.6,constrained_ritz,387.8009948730469,1395.5705261230469,374.8428497314453,290.0423739332942,141.19904357561467,92.61901925324722,0.7540201063038544,0.0480959573753771,,-1.8439902612063677,,,,random,random_3,32.12141517407091,0,-1.847182798088178,c60
0.3,0.5285274532334561,12,,,,,,,,-0.000885009765625,0.004425048828125,0.03363037109375,0,0.0812572710910779,24,,random_4_m12_eta0.3,constrained_ritz,1865.6582641601562,3627.3548278808594,13596.741027832031,422.57207225548234,250.1768719294167,97.7371700111392,0.09588946750324547,0.025998629391935764,,2.4829577737223354,,,,random,random_4,29.690422268724603,1,2.4840567797550546,c60
0.6,0.07190624956674559,12,,,,,,,,0.03082275390625,0.054534912109375,0.09698486328125,1,-0.7136996831102341,24,,random_4_m12_eta0.6,constrained_ritz,855.736572265625,396.3136291503906,208.57281494140625,285.0454264154558,162.27547507670357,121.53386958068108,0.9382927109335151,0.009945861414782148,,-4.392920825002108,,,,random,random_4,29.690422268724603,0,-4.385134215737896,c60
0.3,0.4267026676401874,12,,,,,,,,0.00860595703125,0.02606201171875,0.0882568359375,0,-0.08258974388334686,24,,random_5_m12_eta0.3,constrained_ritz,831.9723510742188,365.5771026611328,346.69788360595703,354.88840622435976,206.572252696357,124.20139057774392,0.10174752948688624,0.04426785390474635,,3.546013568034204,,,,random,random_5,42.346778580614966,1,3.544113899739394,c60
0.6,0.0653304861852178,12,,,,,,,,-0.040863037109375,-0.0968017578125,-0.259002685546875,1,0.6863155021315733,24,,random_5_m12_eta0.6,constrained_ritz,1493.3119506835938,1701.7098083496094,1217.0797119140625,380.3643938951521,259.91574902083295,207.69732607678915,0.9456775647494873,0.03474500358314109,,-4.63879478168025,,,,random,random_5,42.346778580614966,0,-4.639380020458835,c60
,,,500.0,,0,1961.774216038573,-37.273857365031766,0.9997619900265388,,0.04083251953125,0.17510986328125,0.725311279296875,,0.11484999904214103,31,,a500_sample0,reference_dimer,1105.8241271972656,1768.0598754882812,613.5912780761719,714.1961790762417,202.59605481671997,66.1202655164829,0.04777231412322136,0.039921996409604255,,37.25744187719027,,30,,,,,,,c60
,,,500.0,,0,1959.463831329635,-39.684670555160636,0.9997871028085938,,0.065704345703125,0.2315673828125,0.867584228515625,,-0.3192221479900246,31,,a500_sample1,reference_dimer,568.2242202758789,397.52247619628906,132.39566040039062,1054.7173366345105,505.647128172392,137.92099023275097,0.14697405569426303,0.008197370422019687,,39.67584300134426,,30,,,,,,,c60
,,,500.0,,0,1963.8953198971471,-35.30416662448653,0.9997998516007343,,0.043212890625,0.1754150390625,0.70953369140625,,0.019869250689903223,31,,a500_sample2,reference_dimer,346.20216369628906,458.5284538269043,1724.2217712402344,187.66299089863307,95.65749292389582,124.17091859706997,0.033210733675768274,0.006147121989778756,,35.2787657356067,,30,,,,,,,c60
,,,500.0,,0,1966.8537870202485,-32.57806080495988,0.9998579518674725,,0.045196533203125,0.17431640625,0.6942138671875,,-0.08334220563614704,31,,a500_sample3,reference_dimer,374.3059997558594,547.4041366577148,665.3067932128906,412.53000086237654,406.83552156297367,178.45931620613484,0.03724983176556202,0.005018253093384419,,32.52789885768383,,30,,,,,,,c60
,,,500.0,,0,1970.225805835468,-29.42760352619127,0.9999133485861806,,0.030364990234375,0.1341552734375,0.56060791015625,,0.1274216910706195,31,,a500_sample4,reference_dimer,974.2673645019531,801.0028381347656,562.7500381469727,331.07457706398327,55.76483538177086,36.04826814180393,0.044473126391126404,0.006404361825217465,,29.433010630186857,,30,,,,,,,c60
,,,500.0,,0,1976.0126368458684,-23.723170297368657,0.9999339496044697,,0.03753662109375,0.13568115234375,0.518402099609375,,-0.154003790765561,31,,a500_sample5,reference_dimer,260.396484375,226.68911743164062,213.02310180664062,1079.960065156061,301.80898925469603,274.54349757671446,0.01108844198442527,0.04551993820424245,,23.688054299162285,,30,,,,,,,c60
,,,500.0,,0,1970.8086498759544,-28.819478247216058,0.9999070277088896,,0.042694091796875,0.160614013671875,0.63470458984375,,-0.1246839825622639,31,,a500_sample6,reference_dimer,733.0172729492188,614.833984375,736.8647766113281,243.54993149916237,101.4935967598232,65.73317454688093,0.014154333734452348,0.03579597497801125,,28.732434588702485,,30,,,,,,,c60
,,,500.0,,0,1961.4611458737386,-37.39601684006035,0.9997142498518653,,0.070098876953125,0.235382080078125,0.860687255859375,,-0.46128372481046526,31,,a500_sample7,reference_dimer,368.4511260986328,178.84713745117188,119.78167724609375,301.9459202460566,398.41290883364684,199.44489406433794,0.09082160349324493,0.11883638748921174,,37.368796709789216,,30,,,,,,,c60
,,,50.0,,0,175.01933995176876,-21.148770983778363,0.9903739468896149,,0.024688720703125,0.101837158203125,0.41229248046875,,0.03512431113971131,31,,a50_sample0,reference_dimer,269.1236877441406,504.1465301513672,214.78494262695312,251.94688241005196,161.56003037033005,176.3913318035538,0.05345104662811475,0.014465752875544592,,21.15667740380836,,30,,,,,,,c60
,,,50.0,,0,175.87760990663642,-20.83806425492501,0.9917551970157498,,0.031982421875,0.117523193359375,0.45404052734375,,-0.11278632756116792,31,,a50_sample1,reference_dimer,198.41390991210938,166.87200927734375,352.6185302734375,199.53765383128922,324.4218295996267,78.95934591022782,0.026018405059335937,0.33580841833188146,,20.797308247692186,,30,,,,,,,c60
,,,50.0,,0,173.27204704506775,-23.48305756357811,0.9918545876504212,,0.031402587890625,0.1212158203125,0.474029541015625,,-0.043250010041868764,31,,a50_sample2,reference_dimer,1294.7784423828125,821.9141235351562,155.91748046875,206.64837434471298,217.39947130214065,55.2610107554169,0.008705741108598257,0.04187387000288816,,23.49330491222138,,30,,,,,,,c60
,,,50.0,,0,168.1162591316661,-27.123695796128406,0.9880282256286879,,0.0205078125,0.108642578125,0.485565185546875,,0.2649212814617229,31,,a50_sample3,reference_dimer,305.88140869140625,273.2860412597656,569.6425247192383,391.4343757799625,323.05249701074786,76.5356220955377,0.1605181909971549,0.06554134944240034,,27.134414511186105,,30,,,,,,,c60
,,,50.0,,0,172.65811080986555,-23.90440056089559,0.9913690316193176,,0.034820556640625,0.130523681640625,0.510772705078125,,-0.09496575945644,31,,a50_sample4,reference_dimer,172.03350830078125,381.00172424316406,138.46954345703125,258.75225144788794,173.61794232186233,206.00216246443168,0.09148010176914394,0.010353027873973204,,23.881582037601582,,30,,,,,,,c60
,,,50.0,,0,168.25179322582358,-27.037246490761547,0.9881524166761649,,0.038238525390625,0.144500732421875,0.56365966796875,,-0.0868544188741923,31,,a50_sample5,reference_dimer,160.32894897460938,647.8601989746094,128.07281494140625,716.7394496206751,434.5506610211305,103.83568125163656,0.009036080061822287,0.05999688233782963,,27.023486085433817,,30,,,,,,,c60
,,,50.0,,0,168.1437106876682,-27.15336285339069,0.9881727418347925,,0.02886962890625,0.124603271484375,0.512115478515625,,0.09898984577642977,31,,a50_sample6,reference_dimer,760.1823120117188,1013.5082092285156,618.2969360351562,983.2485963338846,140.99221466600625,118.50976836497233,0.006470830393387639,0.07251029100097739,,27.16884526636213,,30,,,,,,,c60
,,,50.0,,0,168.34035480880442,-26.899773643782908,0.9880286646970042,,0.032806396484375,0.1324462890625,0.5323486328125,,0.018478604254751632,31,,a50_sample7,reference_dimer,224.950927734375,395.14424896240234,848.2493286132812,1831.673730902632,298.4255981093107,261.0632731851349,0.0967462329016209,0.0010763631914746466,,26.892769266623414,,30,,,,,,,c60
,,,10.0,,0,22.96601465461654,-9.889287753939527,0.9063015834775443,,0.01214599609375,0.049102783203125,0.1971435546875,,0.003845263931486423,31,,a10_sample0,reference_dimer,507.35060119628906,127.79544067382812,74.1380615234375,473.66647380093445,145.08082313862081,14.328035821814247,0.07679793560394821,0.08389412321080834,,9.892825715127051,,30,,,,,,,c60
,,,10.0,,0,25.347024756169407,-9.579801663701636,0.9344360119862478,,0.01025390625,0.044525146484375,0.184783935546875,,0.03398585713653971,31,,a10_sample1,reference_dimer,1185.8493041992188,1451.9830932617188,2056.7996215820312,312.65171843045016,151.2604746739195,76.38971009940757,0.0493300706172276,0.11628069173746233,,9.58165445425285,,30,,,,,,,c60
,,,10.0,,0,19.928909415012598,-11.016227804881085,0.8795614989853371,,0.019073486328125,0.0660400390625,0.242950439453125,,-0.10769061859969759,31,,a10_sample2,reference_dimer,3757.4893188476562,9580.915832519531,833.8689270019531,432.95910477502855,244.9032911628054,55.798713698199016,0.24755756468239945,0.012032068864835686,,11.017969479249146,,30,,,,,,,c60
,,,10.0,,0,22.278053531637546,-10.537127671730504,0.9057480500029818,,0.01593017578125,0.058074951171875,0.220855712890625,,-0.054896639420332925,31,,a10_sample3,reference_dimer,357.9548645019531,250.40200805664062,403.58802795410156,388.03493080714634,233.13321548072966,163.34872998233425,0.09620760051676197,0.037500747916314,,10.5482021187144,,30,,,,,,,c60
,,,10.0,,0,25.295674350082976,-9.56796340057858,0.9335903511533111,,0.011077880859375,0.04595947265625,0.18682861328125,,0.017783220225191864,31,,a10_sample4,reference_dimer,4885.642913818359,1673.6122436523438,645.4139404296875,185.4598669006185,59.049142495782554,26.841660764155247,0.1318139941009196,0.007849916777221369,,9.585849105020651,,30,,,,,,,c60
,,,10.0,,0,21.158999645768777,-10.329697540613198,0.88725274283012,,0.014007568359375,0.053955078125,0.212005615234375,,-0.021262275166384702,31,,a10_sample5,reference_dimer,306.7430725097656,248.348388671875,332.3277587890625,348.2600467671458,188.63221904954207,117.44481989853081,0.05832269195147364,0.010066337565838065,,10.318713076568029,,30,,,,,,,c60
,,,10.0,,0,20.75400991157686,-10.138433123473792,0.8788123098115479,,0.004119873046875,0.033721923828125,0.16778564453125,,0.1674295903828861,31,,a10_sample6,reference_dimer,372.09496307373047,935.4349060058594,451.07678985595703,286.84433533867923,154.86621764484408,255.2762075506455,0.26830528683083316,0.09603237742495403,,10.133047103831162,,30,,,,,,,c60
,,,10.0,,0,23.278545035972407,-11.526395048378184,0.9328041070389655,,0.01519775390625,0.0604248046875,0.2451171875,,-0.01272984316598515,31,,a10_sample7,reference_dimer,1385.6036376953125,652.118408203125,519.6624221801758,343.85568394664136,199.27550099058405,124.2592394949786,0.020474847325507355,0.05234836056327399,,11.512025812842507,,30,,,,,,,c60
,,,5.0,,0,5.162633503959528,-9.358862079494378,0.8521002166251824,,0.005035400390625,0.03375244140625,0.161865234375,,0.13160558160509708,31,,a5_sample0,reference_dimer,518.4583206176758,395.6800231933594,311.4031982421875,276.76289913695484,119.50892397523758,56.333988365637765,0.20026240740123888,0.03644141825343565,,9.357723145340088,,30,,,,,,,c60
,,,5.0,,0,8.74979429960324,-6.084744815281094,0.861235714391958,,0.001708984375,0.018646240234375,0.098388671875,,0.11700668919315906,31,,a5_sample1,reference_dimer,1706.4270629882812,604.2992248535156,387.2957992553711,274.74936264988986,116.42106033232234,44.57713414806321,0.11448677899684961,0.06483719633310252,,6.086950891088425,,30,,,,,,,c60
,,,5.0,,0,8.045694449059068,-6.947341143599663,0.8658243353203728,,0.01849365234375,0.054473876953125,0.177825927734375,,-0.19765933600658953,31,,a5_sample2,reference_dimer,973.3520812988281,880.6817321777344,883.4418334960938,346.8923425832182,182.79348353101875,100.36589934233328,0.19906059621845992,0.020783424094998577,,6.940764834221254,,30,,,,,,,c60
,,,5.0,,0,11.659779904815318,-4.375307920585234,0.8954073884383825,,0.0081787109375,0.0269775390625,0.09600830078125,,-0.05614471742459728,31,,a5_sample3,reference_dimer,1339.6572570800781,1521.2122192382812,2236.5354919433594,326.9998800688827,163.06880969461997,81.21385216416871,0.10548505534363113,0.06791455554638211,,4.37148010306419,,30,,,,,,,c60
,,,5.0,,0,3.5983865607970635,-10.694827719472446,0.8453760784488087,,0.011322021484375,0.04949951171875,0.20635986328125,,0.04093059967073605,31,,a5_sample4,reference_dimer,549.890495300293,522.7424240112305,2388.0574340820312,496.63032402360864,383.41253008110243,130.03560774377212,0.05326123958156452,0.012218240475377513,,10.703476686703643,,30,,,,,,,c60
,,,5.0,,0,8.850751414635214,-5.748741322209627,0.8543855317374136,,0.00726318359375,0.029083251953125,0.115234375,,-0.0038528393360207354,31,,a5_sample5,reference_dimer,395.0309295654297,323.1998596191406,422.0251693725586,318.5744083325137,159.82632944510686,86.25173862642737,0.04746605335225097,0.021449438340437325,,5.744087584540897,,30,,,,,,,c60
,,,5.0,,0,5.929913781787168,-8.37121083266261,0.8456099755339358,,0.010040283203125,0.041168212890625,0.165985107421875,,0.00796086069063561,31,,a5_sample6,reference_dimer,7394.684387207031,1032.8009033203125,732.614990234375,301.83534926066636,137.36928129737709,55.034567377650305,0.03654600032632425,0.03338235030940678,,8.372050215381622,,30,,,,,,,c60
,,,5.0,,0,8.176940524430858,-6.370452174592299,0.8528596806926487,,0.011077880859375,0.0380859375,0.139678955078125,,-0.06276321941133702,31,,a5_sample7,reference_dimer,1515.9911499023438,1867.1321411132812,736.4531860351562,320.3435201838248,159.71659107970206,84.31556357173912,0.03174833243692356,0.015908123343589823,,6.371331387302228,,30,,,,,,,c60
,,,1.0,,0,-6.948790846094052,-9.775033236272607,0.8405715897796311,,0.0062255859375,0.03680419921875,0.1708984375,,0.12039528826119547,31,,a1_sample0,reference_dimer,637.771728515625,479.82442474365234,323.5516662597656,324.68160431678206,159.99457736670294,76.55208718175321,0.16015935115881186,0.026100039298773334,,9.766341990701399,,30,,,,,,,c60
,,,1.0,,0,-4.075057415814932,-6.906944690541241,0.8414106124131946,,0.0074462890625,0.031982421875,0.132293701171875,,0.02316473574372356,31,,a1_sample1,reference_dimer,920.711669921875,783.0371398925781,694.2909851074219,329.9924625516167,165.4649629364225,82.92192431107271,0.02297043791143221,0.0779575017979971,,6.907938198743446,,30,,,,,,,c60
,,,1.0,,0,-3.3174226964534967,-6.201889865679173,0.8491859586135477,,0.010955810546875,0.0374755859375,0.137298583984375,,-0.06514532505582339,31,,a1_sample2,reference_dimer,699.2267761230469,557.8044357299805,478.64884185791016,314.271941313887,152.35380488575873,74.39715175331347,0.16992552359551585,0.052248024011212535,,6.204003836800259,,30,,,,,,,c60
,,,1.0,,0,-5.673265509126561,-8.536493089709285,0.8460537188297588,,0.005706787109375,0.032562255859375,0.14849853515625,,0.09769300340223187,31,,a1_sample3,reference_dimer,1080.2546081542969,1045.865966796875,1114.0573120117188,334.4096665488795,172.61673172189063,94.93212748671496,0.14545437159545294,0.03305044783987108,,8.53889011079154,,30,,,,,,,c60
,,,1.0,,0,-4.739186770389632,-7.552899427217834,0.8387062442876176,,0.016143798828125,0.051116943359375,0.1768798828125,,-0.1347818668591414,31,,a1_sample4,reference_dimer,915.7044982910156,778.7543334960938,584.9324417114258,328.240242490322,164.84427000527896,83.54988432536594,0.07470219941613163,0.023789179235485413,,7.539464426630409,,30,,,,,,,c60
,,,1.0,,0,-3.478915047616059,-6.323030856276585,0.8432253270420278,,0.007232666015625,0.0302734375,0.123809814453125,,0.012920969281890867,31,,a1_sample5,reference_dimer,1484.7075805664062,1982.1786499023438,6875.471984863281,361.4262351471453,202.81296856742168,127.39427906733579,0.05948050289904458,0.12849673667013303,,6.320624216110181,,30,,,,,,,c60
,,,1.0,,0,-3.6393873083784762,-6.494219545118746,0.8448124402404747,,0.005340576171875,0.02703857421875,0.119720458984375,,0.05590960313375035,31,,a1_sample6,reference_dimer,859.6464233398438,667.1482543945312,485.6784896850586,330.4363155259182,166.197075988123,83.72632964112718,0.08427134993356644,0.006775036816315451,,6.486968677111663,,30,,,,,,,c60
,,,1.0,,0,-3.58907938590684,-6.471945091243948,0.8489501907263348,,0.0045166015625,0.0252685546875,0.11627197265625,,0.07120440691037969,31,,a1_sample7,reference_dimer,836.7569580078125,630.3618774414062,342.05433654785156,325.37960064784403,156.11721655242033,68.12882075093879,0.08079629443088265,0.1504465590636781,,6.471015210210635,,30,,,,,,,c60
,,,0.0,,0,-10.706881999642704,-10.706881999645507,0.8371980455837469,,0.014068603515625,0.054779052734375,0.215850830078125,,-0.013557562480468181,31,,a0_sample0,reference_dimer,1991.5947875976562,2185.8960571289062,1429.8261108398438,280.2211934181736,122.56539307290343,49.9713642212694,0.20186474620044792,0.05034979116811105,,10.712116947588221,,30,,,,,,,c60
,,,0.0,,0,-6.668718107814814,-6.668718107817699,0.8486374896474405,,0.00787353515625,0.0322265625,0.130828857421875,,0.009564623206473695,31,,a0_sample1,reference_dimer,1234.8340759277344,1698.1448364257812,1842.3021850585938,329.70992709356204,165.83906391025772,83.87294431925947,0.01262927044519418,0.0908549296416823,,6.658150574746862,,30,,,,,,,c60
,,,0.0,,0,-6.675744076459653,-6.675744076462448,0.8362099556309804,,0.005615234375,0.027862548828125,0.122528076171875,,0.05526382354980108,31,,a0_sample2,reference_dimer,1100.9123229980469,1093.6467590332031,1196.9034423828125,314.0734199382059,153.38270844848978,78.86138025329328,0.01355922890554367,0.018422794044114753,,6.672442412414414,,30,,,,,,,c60
,,,0.0,,0,-8.189922904097672,-8.189922904100479,0.8375280140922972,,0.01220703125,0.044586181640625,0.169281005859375,,-0.03978581238079385,31,,a0_sample3,reference_dimer,1670.4368286132812,2493.0491333007812,7635.620910644531,331.5130276707274,166.22592693357896,81.77026000540069,0.01715883407100928,0.09657383759652673,,8.192942523893498,,30,,,,,,,c60
,,,0.0,,0,-8.009874495208594,-8.00987449521143,0.8417897491475868,,0.010040283203125,0.040008544921875,0.159698486328125,,-0.00048082507147080144,31,,a0_sample4,reference_dimer,1223.9225463867188,1085.0121459960938,629.8631591796875,333.9438210215998,171.34629174834288,92.3937444004026,0.1144162690038134,0.02126093511964512,,8.007668183011045,,30,,,,,,,c60
,,,0.0,,0,-5.823011751254022,-5.82301175125687,0.8437069760605275,,0.00140380859375,0.017242431640625,0.092193603515625,,0.11827052719354601,31,,a0_sample5,reference_dimer,964.226806640625,791.6302490234375,572.558235168457,333.99460227508683,171.86428993325782,95.13295899236552,0.24930646161804002,0.023738002903777176,,5.830761265189982,,30,,,,,,,c60
,,,0.0,,0,-9.551584496162715,-9.551584496165582,0.8460321294144373,,0.014495849609375,0.053131103515625,0.203826904296875,,-0.04982668516067975,31,,a0_sample6,reference_dimer,934.9894104003906,715.0108032226562,439.6216354370117,329.5643195632516,165.9651199527574,84.8445690226018,0.10666928239791566,0.11394528190860745,,9.552615981628845,,30,,,,,,,c60
,,,0.0,,0,-8.82301492752457,-8.823014927527373,0.8368742383245077,,0.013397216796875,0.04888916015625,0.18603515625,,-0.04759482724870517,31,,a0_sample7,reference_dimer,1045.4652709960938,1031.0936889648438,1192.4543762207031,326.5028850353144,161.61484537173732,82.42994320300868,0.014850994761936989,0.031641362744491155,,8.819271507632045,,30,,,,,,,c60
,,8,,,,,,,,0.31610870361328125,-0.4962921142578125,-5.023918151855469,,-17.960409361839666,8,,m8,lanczos,-270.31029510498047,-271.3497085571289,-271.49658966064453,1.3271116778744916,1.3258893918697903,1.3110599425472378,0.9652094805174355,0.1890372017129763,,-469.1398723154108,-469.03445734002247,,,,,,,,cuo
,,16,,,,,,,,0.49559783935546875,-0.175201416015625,-4.430686950683594,,-21.99375983691808,16,,m16,lanczos,-270.4877700805664,-270.5888900756836,-267.6384811401367,1.4675201710511447,1.4652274923572133,1.5000542080406742,0.9999993606072931,0.20293372189629527,,-486.825548214007,-486.668329925218,,,,,,,,cuo
,,32,,,,,,,,0.49359130859375,-0.1787567138671875,-4.43743896484375,,-21.957154201655303,32,,m32,lanczos,-270.48644256591797,-270.5953140258789,-266.53284454345703,1.458020457976104,1.4557517108912668,1.4938830081496945,1.0,0.20292167046561682,,-486.73841636312704,-486.78900323822796,,,,,,,,cuo
,,,,,,,,,,-1.5287094116210938,-3.0293960571289062,-5.812896728515625,,30.635861393792197,1,bond,bond_0,pool_candidate,-270.6767349243164,-270.4699935913086,-270.5378189086914,717.8051852967785,358.5766684391461,179.03671994005663,0.1303750260731598,0.013625742353628317,,-2.1695334592423876,,,,,,,,,cuo
,,,,,,,,,,6.201622009277344,13.148513793945312,29.437667846679688,,-117.03648660275627,1,bond,bond_1,pool_candidate,-256.05789947509766,-271.5135726928711,-263.5979766845703,724.3511822741516,523.2633970098289,896.9603979779155,0.04458111175375432,0.04557605425796233,,269.80984615747116,,,,,,,,,cuo
,,,,,,,,,,1.964019775390625,3.8746490478515625,7.521842956542969,,-39.77583373543045,1,random,random_2,pool_candidate,-271.57933807373047,-271.80411529541016,-270.21717071533203,1.831658061297018,1.9883095619978182,2.510899299682621,0.20292167046582,0.9999999999989992,,-19.421439578149045,,,,,,,,,cuo
,,,,,,,,,,-5.739448547363281,-11.298973083496094,-21.865982055664062,,116.56974449404929,1,random,random_3,pool_candidate,-272.48082733154297,-273.6566696166992,-265.69290924072266,1.4711778022624646,1.3408479310997201,1.077304525484872,0.13238699665899364,0.15537389088965414,,70.77682290927717,,,,,,,,,cuo
,,,,,,,,,,-0.378875732421875,-0.7341156005859375,-1.3718643188476562,,7.819611106702567,1,random,random_4,pool_candidate,-270.3539810180664,-270.9749984741211,-272.18109130859375,1.6920988530268457,1.65549259683903,1.401626361085128,0.03236752486968705,0.07523821332307987,,9.438083824036612,,,,,,,,,cuo
,,,,,,,,,,-4.240013122558594,-8.273994445800781,-15.749069213867188,,86.92145927311431,1,random,random_5,pool_candidate,-270.48477935791016,-271.52173614501953,-271.74474334716797,1.4750838789230056,1.474604088480387,1.4696295451211532,0.08099869143442784,0.0879798065100306,,85.5123484372631,,,,,,,,,cuo
,,,,,,,,,,-1.8755111694335938,-3.6920928955078125,-7.165565490722656,,38.1338051805482,1,random,random_6,pool_candidate,-272.0190963745117,-272.98938751220703,-271.2727584838867,1.4509745101804634,1.3612052569864117,1.1327344402029274,0.02826214186110144,0.2170297870763841,,25.33985279522206,,,,,,,,,cuo
,,,,,,,,,,3.091278076171875,6.541725158691406,14.573760986328125,,-58.288460541903525,1,random,random_7,pool_candidate,-272.8686752319336,-269.64241790771484,-255.16031646728516,1.436712227488345,1.1472190564867788,1.470663477930641,0.09571634201106731,0.0923670150443604,,139.9897383070979,,,,,,,,,cuo
,,,,8,,,,,,1.9639892578125,3.8746871948242188,7.521858215332031,,-39.775846824444024,9,random,random,scored_pool_selected,-271.5793228149414,-271.80408477783203,-270.21715545654297,1.8316580604514752,1.9883095638697241,2.5108868288446744,0.20292167046582,0.9999999999989992,,-19.424521068070035,,,9.71125361762193,,,,,,cuo
,0.1308715659726545,12,,,,,,,-486.80139066863427,0.49665069580078125,-0.1725006103515625,-4.4269561767578125,,-22.02295587963558,12,,bond_0_m12_alpha1,penalized_lanczos,-270.4901657104492,-270.5839309692383,-268.0068588256836,1.4580380320695616,1.455746039487783,1.4891457882505363,0.9999992014984167,0.2030721347380883,1.0,-486.8450247300234,,,,bond,bond_0,-2.1695334592423876,,,cuo
,0.13201822860242776,12,,,,,,,-486.9208821724887,-1.7104339599609375,-4.6021575927734375,-13.511001586914062,,22.093729631185507,12,,bond_0_m12_alpha5,penalized_lanczos,-270.80843353271484,-270.99779510498047,-272.4479446411133,1.760418613312291,1.7572600680589363,1.7478555785578858,0.9999977452654467,0.2030151780558733,5.0,-486.732849402772,,,,bond,bond_0,-2.1695334592423876,,,cuo
,0.13710157838369208,12,,,,,,,-487.139400273866,-1.7068862915039062,-4.594413757324219,-13.494827270507812,,22.01790942126562,12,,bond_0_m12_alpha20,penalized_lanczos,-270.81082916259766,-270.9999465942383,-272.44824981689453,1.7883813670830273,1.7851660147587514,1.7755620415287998,0.9999691611991604,0.20333719949651224,20.0,-486.749490512121,,,,bond,bond_0,-2.1695334592423876,,,cuo
,0.04473125505156488,12,,,,,,,-486.6934173051013,0.48833465576171875,-0.1890716552734375,-4.4576873779296875,,-21.85020057151727,12,,bond_1_m12_alpha1,penalized_lanczos,-270.5298538208008,-270.5246047973633,-261.3113784790039,1.458723399786399,1.4576872947503834,1.48833968162098,0.9999163287669058,0.20297188209683492,1.0,-486.68632034131946,,,,bond,bond_1,269.80984615747116,,,cuo
,0.04502855210001214,12,,,,,,,-486.70850491805834,0.48784637451171875,-0.189697265625,-4.45831298828125,,-21.843805118426317,12,,bond_1_m12_alpha5,penalized_lanczos,-270.53157806396484,-270.5262222290039,-260.9524612426758,1.45898856183085,1.4582293382699418,1.489102686639835,0.9999097129651806,0.20284299172050932,5.0,-486.593158222496,,,,bond,bond_1,269.80984615747116,,,cuo
,0.046319102051320886,12,,,,,,,-486.58673446875014,0.4801788330078125,-0.2052001953125,-4.487113952636719,,-21.688555327158117,12,,bond_1_m12_alpha20,penalized_lanczos,-270.53926849365234,-270.5026168823242,-261.79346466064453,1.4682760445968202,1.4673187513228,2.360772580359742,0.9999071275301789,0.20297572291592966,20.0,-486.6519302486052,,,,bond,bond_1,269.80984615747116,,,cuo
,0.2033020430302858,12,,,,,,,-486.81962667795653,0.5018310546875,-0.1626739501953125,-4.405006408691406,,-22.11961146214038,12,,random_2_m12_alpha1,penalized_lanczos,-270.4819564819336,-270.6034164428711,-267.02196502685547,1.4574535710188852,1.4552197312530593,1.4956233157767362,0.9999937864267118,0.20330204303008229,1.0,-486.6747087332216,,,,random,random_2,-19.421439578149045,,,cuo
,0.2050885579902817,12,,,,,,,-487.0884983064734,-1.7101593017578125,-4.601249694824219,-13.5103759765625,,22.080873238699567,12,,random_2_m12_alpha5,penalized_lanczos,-270.80904388427734,-270.9919204711914,-272.45035552978516,1.817724435681102,1.814730049698837,1.8053540713898384,0.999991751624755,0.2050885579900764,5.0,-486.7347166571533,,,,random,random_2,-19.421439578149045,,,cuo
,0.21217902529086,12,,,,,,,-487.6103751371508,0.49140167236328125,-0.183258056640625,-4.449058532714844,,-21.910293362804723,12,,random_2_m12_alpha20,penalized_lanczos,-270.5068893432617,-270.52286529541016,-264.29444122314453,1.698298466717042,1.6938850054959522,1.7348510836276145,0.9999405528818932,0.21217902529064764,20.0,-486.76474904111626,,,,random,random_2,-19.421439578149045,,,cuo
,0.1326828532030647,12,,,,,,,-486.7693732690096,-1.7029495239257812,-4.587066650390625,-13.481437683105469,,21.939222572337712,12,,random_3_m12_alpha1,penalized_lanczos,-270.8045883178711,-270.9970169067383,-272.4279098510742,1.7882422466774976,1.7849944428578441,1.7754560377058188,0.9999784532213041,0.20303985826605406,1.0,-486.7124287152431,,,,random,random_3,70.77682290927717,,,cuo
,0.13383794523221634,12,,,,,,,-486.80386074914867,-1.7019195556640625,-4.584632873535156,-13.476348876953125,,21.91417688333379,12,,random_3_m12_alpha5,penalized_lanczos,-270.80738067626953,-270.99925994873047,-272.43431854248047,1.788061305438146,1.7846334288686778,1.7747166754323132,0.9999777716239636,0.20282057945135604,5.0,-486.7132716712593,,,,random,random_3,70.77682290927717,,,cuo
,0.13853184072349511,12,,,,,,,-487.1228258069625,-1.69189453125,-4.565376281738281,-13.438468933105469,,21.721147990333215,12,,random_3_m12_alpha20,penalized_lanczos,-270.8156509399414,-271.0059280395508,-272.44530487060547,1.78717082202708,1.7828435659490753,1.771008537879661,0.9999527213048188,0.20165282024471382,20.0,-486.70434028134804,,,,random,random_3,70.77682290927717,,,cuo
,0.03253247130913431,12,,,,,,,-486.50267049857894,-1.7275466918945312,-4.6354827880859375,-13.572929382324219,,22.438685730872766,12,,random_4_m12_alpha1,penalized_lanczos,-270.79149627685547,-270.97205352783203,-272.47608184814453,3.2821502604663784,3.2894538853098316,3.299885352375639,0.9998088449590316,0.2074389541438746,1.0,-486.6378763398936,,,,random,random_4,9.438083824036612,,,cuo
,0.032820524543192474,12,,,,,,,-486.5239226871138,-1.7311477661132812,-4.642066955566406,-13.584892272949219,,22.502805554908278,12,,random_4_m12_alpha5,penalized_lanczos,-270.79251861572266,-270.9737014770508,-272.47838592529297,3.281441888312917,3.2879632166678627,3.2965797502707264,0.9998163614181561,0.20738410793781975,5.0,-486.70023748544816,,,,random,random_4,9.438083824036612,,,cuo
,0.03385360613150573,12,,,,,,,-486.70765360471063,0.5214462280273438,-0.12445831298828125,-4.339668273925781,,-22.50861413098031,12,,random_4_m12_alpha20,penalized_lanczos,-270.5517807006836,-270.41060638427734,-264.7966079711914,1.454924430857645,1.4501644701196357,1.4605573410658783,0.9998134226000055,0.20753570415090283,20.0,-486.6297207449878,,,,random,random_4,9.438083824036612,,,cuo
,0.08119046528817025,12,,,,,,,-486.69982237472027,-1.7000503540039062,-4.581520080566406,-13.4698486328125,,21.887265280841863,12,,random_5_m12_alpha1,penalized_lanczos,-270.79959869384766,-270.9907760620117,-272.43456268310547,1.7120130846816815,1.7092588626655267,1.7008543790484647,0.9999910715076064,0.2034266723989549,1.0,-486.68903904855335,,,,random,random_5,85.5123484372631,,,cuo
,0.08184257968791543,12,,,,,,,-486.6849601122356,-1.6983261108398438,-4.577171325683594,-13.461105346679688,,21.8445197769456,12,,random_5_m12_alpha5,penalized_lanczos,-270.80077362060547,-270.9913864135742,-272.43567657470703,1.7613552846314353,1.7583141441232824,1.749144273182491,0.999991501095269,0.2033762651369554,5.0,-486.620530795395,,,,random,random_5,85.5123484372631,,,cuo
,0.08445811760194832,12,,,,,,,-486.8108181040043,-1.7027816772460938,-4.587135314941406,-13.479789733886719,,21.94290333049628,12,,random_5_m12_alpha20,penalized_lanczos,-270.7962112426758,-270.98949432373047,-272.4261703491211,1.7887480537425173,1.7857280741314334,1.7765733095887308,0.9999853955380282,0.203153399490526,20.0,-486.6809987068931,,,,random,random_5,85.5123484372631,,,cuo
0.3,0.37813184682334067,12,,,,,,,,-1.1164398193359375,-2.9343414306640625,-8.392486572265625,0,15.041445088112955,24,,bond_0_m12_eta0.3,constrained_ritz,-270.3967514038086,-269.7907028198242,-269.07804107666016,1.735795169237858,1.7336512303793379,1.7267053954365632,0.0007083670530511305,0.16558582751512887,,-295.3440741803243,,,,bond,bond_0,-2.1695334592423876,1,-295.4235110653312,cuo
0.6,0.7620732865533465,12,,,,,,,,0.16239166259765625,0.3312225341796875,0.6857528686523438,0,-3.1670781198770306,24,,bond_0_m12_eta0.6,constrained_ritz,-270.54186248779297,-269.90055084228516,-266.19007110595703,1.666898944727002,1.6637655355961725,1.857370173361234,0.00013152082753594568,0.14493323147423715,,3.3451550659547635,,,,bond,bond_0,-2.1695334592423876,4,3.3089779270916275,cuo
0.3,0.5739327797415132,12,,,,,,,,-1.0266189575195312,-2.1980667114257812,-4.9343109130859375,0,19.047741067271705,24,,bond_1_m12_eta0.3,constrained_ritz,-270.76854705810547,-270.94173431396484,-271.51342010498047,1.3054506928350136,1.2916389146001575,1.139066356629776,0.0019073885506351608,0.1445257725260963,,-60.32223774173385,,,,bond,bond_1,269.80984615747116,3,-60.30234065811447,cuo
0.6,0.04462354944385914,12,,,,,,,,0.4799041748046875,-0.205596923828125,-4.4881134033203125,1,-21.681180036439134,24,,bond_1_m12_eta0.6,constrained_ritz,-270.52429962158203,-270.54349517822266,-250.8149642944336,1.4685354792660323,1.4678762981394284,1.4997483283152966,0.9999119396848193,0.20274361797727825,,-486.7007151788637,,,,bond,bond_1,269.80984615747116,0,-486.5942261307051,cuo
0.3,0.4375062008651292,12,,,,,,,,1.0829620361328125,2.0110626220703125,3.3903427124023438,0,-23.170115693382684,24,,random_2_m12_eta0.3,constrained_ritz,-271.47432708740234,-270.8189926147461,-270.2162551879883,1.7458876039850855,1.7406474842704118,1.7235185103949413,0.0004614852089345605,0.43750620086469133,,-59.63602739292585,,,,random,random_2,-19.421439578149045,3,-59.603433991126664,cuo
0.6,0.7737604335460179,12,,,,,,,,0.5680084228515625,1.1820831298828125,2.55645751953125,0,-10.913985715407978,24,,random_2_m12_eta0.6,constrained_ritz,-271.41283416748047,-271.4688491821289,-271.12589263916016,1.4684902764188374,1.4656399327381537,1.461355218760039,0.0003922442055865851,0.7737604335452434,,17.513249158573274,,,,random,random_2,-19.421439578149045,4,17.487017931424173,cuo
0.3,0.40602303462596023,12,,,,,,,,0.7585372924804688,1.33123779296875,1.8940658569335938,0,-16.97107466105947,24,,random_3_m12_eta0.3,constrained_ritz,-271.3370590209961,-271.2735824584961,-270.5120620727539,1.8095217160178354,1.8560531081058589,1.9668459683926076,0.0011217656833969472,0.11765690298938263,,-71.05774413219466,,,,random,random_3,70.77682290927717,3,-71.0681711618024,cuo
0.6,0.727993417612267,12,,,,,,,,-0.190093994140625,-0.31543731689453125,-0.3738555908203125,0,4.473932638551376,24,,random_3_m12_eta0.6,constrained_ritz,-269.8073959350586,-270.0890426635742,-262.85233306884766,1.473993940541601,1.4895054406027206,1.5471216600038247,0.0008033154375585836,0.16709403823967758,,26.71922107657262,,,,random,random_3,70.77682290927717,4,26.678546342853522,cuo
0.3,0.409911668897062,12,,,,,,,,-0.986541748046875,-2.1684722900390625,-5.0977935791015625,0,17.76424510736103,24,,random_4_m12_eta0.3,constrained_ritz,-271.7272262573242,-238.80347442626953,-270.64986419677734,1.7802873866474986,1.763854989012603,1.7443093272897203,0.0032261697101953384,0.05490721865731204,,-79.05920600312702,,,,random,random_4,9.438083824036612,3,-79.02678996819482,cuo
0.6,0.8448996405428126,12,,,,,,,,-0.5340042114257812,-1.0242462158203125,-1.8743896484375,0,11.128458767580632,24,,random_4_m12_eta0.6,constrained_ritz,-271.14359283447266,-271.39098358154297,-271.84276580810547,1.704741422059976,1.6830120306227487,1.656367069912831,0.0013959867622277456,0.16407811598572467,,17.765172770226467,,,,random,random_4,9.438083824036612,4,17.740142081582732,cuo
0.3,0.47826370823014236,12,,,,,,,,-1.487640380859375,-3.1419830322265625,-6.910484313964844,0,28.046107602553032,24,,random_5_m12_eta0.3,constrained_ritz,-270.75276947021484,-262.47789764404297,-270.7444839477539,1.8510892536073908,2.2992028796515336,1.809507564156553,0.0010229338152527388,0.11368828361015332,,-69.50568299916046,,,,random,random_5,85.5123484372631,3,-69.52302382067171,cuo
0.6,0.7583534652184345,12,,,,,,,,1.1169815063476562,2.284088134765625,4.768798828125,0,-21.826163953923416,24,,random_5_m12_eta0.6,constrained_ritz,-271.2210159301758,-271.33548736572266,-271.23340606689453,1.4581862021348562,1.4537959388282446,1.4517363374354821,0.0005988249317235145,0.05969619228831026,,20.40052516499143,,,,random,random_5,85.5123484372631,4,20.42144772848793,cuo
,,,500.0,,0,1861.3511133571794,-75.56292810719978,0.984102139379909,,-3.5095901489257812,-6.837127685546875,-12.955596923828125,,72.05709308376387,31,,a500_sample0,reference_dimer,-271.46297454833984,-271.41255950927734,-271.0066146850586,1.665941954029953,1.652076201298158,1.6307862954947199,0.04839838238739113,0.11275667042406008,,75.76610702075772,,30,,,,,,,cuo
,,,500.0,,0,2055.779438730768,69.58139750360762,0.9965435367376347,,0.6164703369140625,1.05340576171875,1.3809051513671875,,-14.080135789457087,31,,a500_sample1,reference_dimer,-270.7733840942383,-271.13407135009766,-271.63326263427734,1.7757163581441184,1.810507122772538,1.7809534893333088,0.007328421106558968,0.08266778356318823,,-69.42526909359823,,30,,,,,,,cuo
,,,500.0,,0,1977.6571329471342,-7.061335259223658,0.9961722913748854,,-1.0684967041015625,-2.1179046630859375,-4.1499176025390625,,21.560531926805872,31,,a500_sample2,reference_dimer,-271.62723541259766,-271.75865936279297,-271.89417266845703,1.7805821697723079,1.9016644118127504,2.2203008402354123,0.08910178246797183,0.10897312020198087,,7.005216029916972,,30,,,,,,,cuo
,,,500.0,,0,1995.4906241316407,6.981539481198298,0.9971231329806775,,-0.9894485473632812,-1.9901962280273438,-3.983367919921875,,19.639773877401524,31,,a500_sample3,reference_dimer,-270.492919921875,-270.5576477050781,-270.5397262573242,1.7702099001610934,1.781720352425928,1.7806538024136664,0.08827878170046853,0.006026683658583322,,-6.991846764734983,,30,,,,,,,cuo
,,,500.0,,0,1980.0885455677437,-7.098890174582655,0.9967917123808493,,0.48046875,0.979736328125,2.0387115478515625,,-9.42627902641654,31,,a500_sample4,reference_dimer,-271.5259017944336,-272.03443145751953,-271.7515182495117,1.6965271949819574,2.5256083453038882,10.301373650394533,0.002786469547086601,0.16402486626329205,,7.083975872651468,,30,,,,,,,cuo
,,,500.0,,0,1999.902728419615,11.197231778921285,0.9971723764326711,,-0.7934188842773438,-1.6126174926757812,-3.3170089721679688,,15.598470546193086,31,,a500_sample5,reference_dimer,-270.49922943115234,-270.31636810302734,-270.3726119995117,1.6862730562819042,1.6765152866625543,1.6628551710423378,0.021738769931004185,0.24665533679610518,,-11.23551604914686,,30,,,,,,,cuo
,,,500.0,,0,1981.3973678757077,-4.122319823325548,0.9963733456136976,,0.9738540649414062,1.9585494995117188,3.9712066650390625,,-19.366920299630767,31,,a500_sample6,reference_dimer,-271.9419631958008,-272.64632415771484,-271.49742889404297,1.4566617309758425,1.4508970034608917,1.2096514927350255,5.2559449712375116e-05,0.0911072375403699,,4.164175483842833,,30,,,,,,,cuo
,,,500.0,,0,1973.3112878315096,-19.642408391041148,0.9982368697414407,,-1.6058120727539062,-3.1650161743164062,-6.14794921875,,32.61066406535197,31,,a500_sample7,reference_dimer,-271.5610885620117,-272.1186752319336,-272.67615509033203,1.5306443593692927,1.5898655663041803,1.7590660531954676,0.012132664759465091,0.14032833328774386,,19.712604013455188,,30,,,,,,,cuo
,,,50.0,,0,323.07131695876063,176.8764324637171,0.8549704219884956,,0.021453857421875,-0.3884429931640625,-2.4109039306640625,,-4.822011808300534,31,,a50_sample0,reference_dimer,-269.5918655395508,-270.1856918334961,-271.06237030029297,1.6866887945389564,1.6688263903193434,1.6512037114252505,0.17221441470340193,0.0533521427631381,,-177.0513222839873,,30,,,,,,,cuo
,,,50.0,,0,286.1548639946552,137.3418544501417,0.8625920517385528,,-0.9864349365234375,-2.317108154296875,-5.994422912597656,,16.294252821038267,31,,a50_sample1,reference_dimer,-270.1763687133789,-270.16036224365234,-271.39310455322266,1.4375995975453213,1.3786227807870677,1.163943753659795,0.3844161086806738,0.15928584263267934,,-137.33886532433988,,30,,,,,,,cuo
,,,50.0,,0,256.73874216249834,105.95785456223064,0.8682767058958338,,-0.1411895751953125,-0.546478271484375,-2.1261520385742188,,0.17461481890059796,31,,a50_sample2,reference_dimer,-270.9181594848633,-272.04544830322266,-273.4486312866211,3.0084312584538284,2.911843475182435,2.7210828916564616,0.20610048440909015,0.06521474188943047,,-105.91124650709214,,30,,,,,,,cuo
,,,50.0,,0,310.9570331457676,165.322959622507,0.8533289914308173,,-0.7863311767578125,-1.9846725463867188,-5.590248107910156,,11.594462765847856,31,,a50_sample3,reference_dimer,-271.63660430908203,-266.6310348510742,-274.5438461303711,3.4185956008221963,3.1064561254709173,2.016263485234827,0.45700618169751217,0.010474000996529273,,-165.24324961572893,,30,,,,,,,cuo
,,,50.0,,0,326.6007319814,184.0024507975446,0.844388184379293,,-1.03515625,-2.5277328491210938,-6.832359313964844,,16.112003003031433,31,,a50_sample4,reference_dimer,-271.3179244995117,-271.0778579711914,-270.9363327026367,2.6919557293712915,2.5916813925833178,1.7804470367703389,0.5303056736672086,0.0028309621449793118,,-184.03774282338196,,30,,,,,,,cuo
,,,50.0,,0,271.02976774132804,124.10076772338773,0.8571143448161116,,0.27449798583984375,0.2428131103515625,-0.702178955078125,,-8.574575765569302,31,,a50_sample5,reference_dimer,-269.54346466064453,-269.69632720947266,-268.10472869873047,3.302263540568863,3.3431464661585424,4.3377530905630355,0.3732320335586832,0.36564703735442067,,-124.09581247814309,,30,,,,,,,cuo
,,,50.0,,0,290.5448876284912,141.75282759183494,0.8625313328703939,,-0.5506591796875,-1.4475860595703125,-4.2165679931640625,,7.492067304712573,31,,a50_sample6,reference_dimer,-272.0039596557617,-267.74385833740234,-276.9713134765625,1.6627993993929944,1.4262754077536626,1.22804992038442,0.174428900062859,0.19063169384685638,,-141.90557460411586,,30,,,,,,,cuo
,,,50.0,,0,263.7350464496391,112.19893632707105,0.8704484767135127,,0.0567779541015625,-0.165679931640625,-1.4351654052734375,,-3.936503117515741,31,,a50_sample7,reference_dimer,-271.83695220947266,-272.17032623291016,-272.6082992553711,1.34690487412993,1.355339706812145,1.352577310112863,0.26855843368884424,0.16845014630773825,,-112.22602918704898,,30,,,,,,,cuo
,,,10.0,,0,21.15791159639049,-7.026690587288361,0.8394135182327568,,-2.3501434326171875,-4.676910400390625,-9.235092163085938,,47.20025840738667,31,,a10_sample0,reference_dimer,-271.1317825317383,-270.7378616333008,-271.86547088623047,1.390178888693042,1.339224246831544,1.096740892142034,0.10472163550652701,0.0765881987947634,,6.921073465635776,,30,,,,,,,cuo
,,,10.0,,0,144.93828674006718,115.10523277542828,0.8636123836050469,,-4.57763671875e-05,-0.27813720703125,-1.5911712646484375,,-2.854088331404285,31,,a10_sample1,reference_dimer,-271.93140411376953,-272.2905807495117,-270.3871383666992,1.3136584931999806,1.2996487089426105,1.136776786489422,0.42875309604383116,0.14874213329045427,,-115.2536859275082,,30,,,,,,,cuo
,,,10.0,,0,134.2115547077888,104.67730744648422,0.8592765454337299,,-0.213409423828125,-0.6869277954101562,-2.3992919921875,,1.6597514686412016,31,,a10_sample2,reference_dimer,-272.1459426879883,-272.3939437866211,-272.2851333618164,1.4497203006356192,1.4346571915742752,1.4095608689370231,0.24777050131363415,0.05087012174290719,,-104.69255222729366,,30,,,,,,,cuo
,,,10.0,,0,191.74604573278557,163.2263345223432,0.8443889981880849,,-0.785491943359375,-1.971282958984375,-5.472404479980469,,11.655318348296586,31,,a10_sample3,reference_dimer,-269.9930191040039,-270.9725875854492,-272.19537353515625,1.7021982708719718,1.6885757035677167,1.6705782098256792,0.0731081863977336,0.0485721158564727,,-163.35012021651866,,30,,,,,,,cuo
,,,10.0,,0,211.8244212947073,182.85368310071303,0.8510396317739007,,1.23443603515625,1.995697021484375,2.099639892578125,,-29.315584652044446,31,,a10_sample4,reference_dimer,-271.7407760620117,-272.0591812133789,-272.39586639404297,1.4775676983784314,1.492638808207136,1.5241461427348686,0.20642487277369775,0.027609766715048032,,-182.35277820073406,,30,,,,,,,cuo
,,,10.0,,0,153.25408676735572,124.41928202550258,0.8490407048817756,,0.23476409912109375,0.16954803466796875,-0.78753662109375,,-7.77622714911973,31,,a10_sample5,reference_dimer,-271.37088775634766,-267.69596099853516,-268.20055389404297,1.6301815392925316,1.615423231227832,1.365567181405583,0.22992234971139175,0.10127612175561992,,-124.60120848821772,,30,,,,,,,cuo
,,,10.0,,0,180.39142111350554,151.6842559920072,0.8471594466435842,,-0.3630523681640625,-1.0955963134765625,-3.572296142578125,,3.492548851415128,31,,a10_sample6,reference_dimer,-272.3064956665039,-272.89466094970703,-275.23287200927734,1.706215971289395,1.6401080497669998,1.1840283294508125,0.024353154342792036,0.2763773659731842,,-151.75324508639554,,30,,,,,,,cuo
,,,10.0,,0,151.31109085867035,121.74633091850637,0.8597203024845239,,1.3179702758789062,2.326507568359375,3.4167556762695312,,-29.411299091363038,31,,a10_sample7,reference_dimer,-271.4625473022461,-271.5230941772461,-271.2755355834961,1.4439265862068325,1.430631932272084,1.4139336476211595,0.0036835777974372455,0.1194294467642984,,-121.63184852778943,,30,,,,,,,cuo
,,,5.0,,0,113.6304404504618,98.39569073170102,0.8727757363366435,,0.2496185302734375,0.25646209716796875,-0.4307098388671875,,-7.4361603535226735,31,,a5_sample0,reference_dimer,-270.8946762084961,-270.98819732666016,-271.2713394165039,1.5080065306866863,1.5443521083008742,1.668333383546153,0.33237261887276964,0.1610522513531308,,-98.39427615029084,,30,,,,,,,cuo
,,,5.0,,0,165.1850657827781,150.62480193276664,0.8532368911976085,,0.42102813720703125,0.44556427001953125,-0.7439727783203125,,-12.243336182857593,31,,a5_sample1,reference_dimer,-271.69397735595703,-271.6217727661133,-271.4833297729492,2.978991440926788,2.9329139190730458,2.839436045302302,0.029876636881904752,0.2401657702374833,,-150.09599101338407,,30,,,,,,,cuo
,,,5.0,,0,104.78333724455841,89.63921473879394,0.870175916288319,,0.72772216796875,1.2319488525390625,1.5821304321289062,,-16.791421462349966,31,,a5_sample2,reference_dimer,-271.8976364135742,-272.54039764404297,-273.5137710571289,1.5656023443463698,1.8572131664230127,3.6280184318378472,0.21774461514793864,0.10059166773918994,,-89.58999756105368,,30,,,,,,,cuo
,,,5.0,,0,232.52648504002727,218.35385845316674,0.8418024289243772,,-0.14836883544921875,-0.840301513671875,-3.78680419921875,,-2.4845979316967592,31,,a5_sample3,reference_dimer,-270.2230911254883,-270.99564361572266,-271.5300521850586,1.7487895665268767,1.754627217260255,1.713385603265374,0.5830520242605427,0.08265852079590649,,-218.2263968802616,,30,,,,,,,cuo
,,,5.0,,0,147.60486072889182,133.06690408662055,0.8525830353189358,,0.5864410400390625,0.8478927612304688,0.472869873046875,,-15.033066000033498,31,,a5_sample4,reference_dimer,-270.00707244873047,-271.0861587524414,-271.75118255615234,1.7173968716156853,1.8344660176837395,2.4364389252512537,0.11102922992912673,0.06244723049519086,,-133.2098359329341,,30,,,,,,,cuo
,,,5.0,,0,129.37059491927977,114.79223774796085,0.8537668642937142,,-0.5511245727539062,-1.3872604370117188,-3.8870010375976562,,8.16164315095448,31,,a5_sample5,reference_dimer,-271.48021697998047,-271.75032806396484,-271.51473236083984,1.7603046630492067,1.725477622922982,1.3382669752709588,0.3758793567303238,0.12619172557079358,,-114.7729793277985,,30,,,,,,,cuo
,,,5.0,,0,154.18892897905624,139.4097078549656,0.8596284407839292,,-0.45099639892578125,-1.2491836547851562,-3.8665771484375,,5.53486180948052,31,,a5_sample6,reference_dimer,-271.50765228271484,-271.6850051879883,-272.29492950439453,1.4776550938038162,1.4778346798359792,1.4713137990762009,0.35433201197063624,0.18719825733363632,,-139.37297950416496,,30,,,,,,,cuo
,,,5.0,,0,250.60200043393735,236.64561237622678,0.83535585404403,,-0.6812210083007812,-1.9569473266601562,-6.245887756347656,,7.696231540326028,31,,a5_sample7,reference_dimer,-271.24153900146484,-270.1878128051758,-269.5772933959961,1.693976254957051,1.679903118540882,1.6277091172292302,0.6257222904117262,0.1629590591988258,,-236.39034996338214,,30,,,,,,,cuo
,,,1.0,,0,216.3791112966699,213.57146394388982,0.8378017893243388,,-0.7702560424804688,-2.0744094848632812,-6.2541351318359375,,10.067075215703195,31,,a1_sample0,reference_dimer,-271.3633499145508,-271.3390121459961,-269.19120025634766,1.422955794711571,1.3739218147727241,1.1646978786894366,0.4256844532169889,0.024236273836882625,,-213.4430951042048,,30,,,,,,,cuo
,,,1.0,,0,144.33383607188847,141.4427446382326,0.8501604897980612,,-0.9258499145507812,-2.2021408081054688,-5.771888732910156,,14.992599845247133,31,,a1_sample1,reference_dimer,-271.13866424560547,-270.85497283935547,-270.9517135620117,1.78769417945891,1.7676711182338558,1.7427943760928135,0.5017730907042376,0.07732633287111941,,-141.47852244077066,,30,,,,,,,cuo
,,,1.0,,0,141.78074637881642,138.81480232266443,0.8610958216353221,,1.0551376342773438,1.761932373046875,2.1525726318359375,,-24.57209332738187,31,,a1_sample2,reference_dimer,-270.35620880126953,-270.79703521728516,-155.70142364501953,1.7977591029068343,1.8590344916783512,1.9162074946842833,0.2779969873282703,0.019492256279706282,,-138.71486692308278,,30,,,,,,,cuo
,,,1.0,,0,165.4009446100038,162.46721965839401,0.8564060006226505,,-0.985015869140625,-2.376922607421875,-6.352264404296875,,15.636620589286288,31,,a1_sample3,reference_dimer,-269.15233612060547,-269.5810012817383,-271.14444732666016,1.7274849654282987,1.7043171131645627,1.6574972255953548,0.36969148306242094,0.00023484395040067785,,-162.34443772873817,,30,,,,,,,cuo
,,,1.0,,0,140.4555490105774,137.57944298827485,0.8479543063017598,,-0.1063079833984375,-0.5479660034179688,-2.3727645874023438,,-1.2854232572372875,31,,a1_sample4,reference_dimer,-272.50948333740234,-262.5931091308594,-270.8641891479492,2.756317860043465,4.4398362853246764,2.672601743617483,0.23398996815963477,0.05354262491473498,,-137.67064874481923,,30,,,,,,,cuo
,,,1.0,,0,142.0737740746386,139.08368047757122,0.8645943553293006,,0.37229156494140625,0.403167724609375,-0.5090255737304688,,-10.908408469365364,31,,a1_sample5,reference_dimer,-271.00260162353516,-270.91625213623047,-271.2082748413086,1.3100779719573397,1.277769887353767,1.1059718987155953,0.458278597871147,0.21566525297849748,,-139.1925653039549,,30,,,,,,,cuo
,,,1.0,,0,95.26010347828661,92.26743549458871,0.8649664709828985,,0.512451171875,0.793701171875,0.6741561889648438,,-12.553185103839072,31,,a1_sample6,reference_dimer,-271.4485397338867,-271.45914459228516,-271.4207077026367,1.3072300980688514,1.2971520285900633,1.2865605952760422,0.18690621358522727,0.041507194246809063,,-92.23902886001977,,30,,,,,,,cuo
,,,1.0,,0,141.45954287943337,138.5755707727161,0.8491130823862827,,0.42350006103515625,0.5003128051757812,-0.36756134033203125,,-11.929066916886283,31,,a1_sample7,reference_dimer,-271.73560333251953,-273.4390182495117,-274.0442886352539,4.9731339589421335,18.19646324430536,1231.2003357668877,0.19339031085502578,0.14444842568166152,,-138.5731155662673,,30,,,,,,,cuo
,,,0.0,,0,104.58221838080428,104.5822183808019,0.8612980170805079,,-0.59185791015625,-1.443328857421875,-3.9047698974609375,,9.229287426027666,31,,a0_sample0,reference_dimer,-271.47994232177734,-271.28177642822266,-30.40570068359375,2.883943962249268,2.713622164397358,1.8173132469601274,0.18870083477814428,0.06708734509798288,,-104.60547584409922,,30,,,,,,,cuo
,,,0.0,,0,98.03083311637138,98.0308331163688,0.8674531612603077,,-0.239898681640625,-0.7225799560546875,-2.391937255859375,,2.3572942796619225,31,,a0_sample1,reference_dimer,-271.64623260498047,-271.94640350341797,-271.7080307006836,1.4237469589794545,1.4023904540386651,1.333775475902156,0.32353032664436326,0.12438542834800852,,-98.04325807789273,,30,,,,,,,cuo
,,,0.0,,0,162.93124571556027,162.93124571555805,0.8613306656253589,,-0.21520233154296875,-0.830535888671875,-3.2097625732421875,,0.2513182502359438,31,,a0_sample2,reference_dimer,-269.7541275024414,-270.25133514404297,-271.74451446533203,2.066698816621513,3.1464627886049876,16.16955969019771,0.3579828241289784,0.08310671505745995,,-162.97445889455997,,30,,,,,,,cuo
,,,0.0,,0,168.31484897484225,168.3148489748399,0.8517743430810221,,0.36405181884765625,0.3118438720703125,-0.9927978515625,,-11.478604647591068,31,,a0_sample3,reference_dimer,-271.87975311279297,-272.0669479370117,-270.80635833740234,1.4255524028676014,1.3915652956585782,1.1685835263391242,0.5086125884503448,0.07907148577079619,,-168.29886413204875,,30,,,,,,,cuo
,,,0.0,,0,172.7389178864267,172.73891788642413,0.8600495245874462,,-0.7098770141601562,-1.8424758911132812,-5.302650451660156,,9.90241829011835,31,,a0_sample4,reference_dimer,-270.5986099243164,-270.70018768310547,-270.18714141845703,1.6315512031985344,2.121611759193641,4.381100336506636,0.40216178121560464,0.10172170917452052,,-172.75796346593106,,30,,,,,,,cuo
,,,0.0,,0,148.4474339170963,148.44743391709454,0.8508067993807974,,-0.7174758911132812,-1.8035507202148438,-5.060539245605469,,10.64345667977669,31,,a0_sample5,reference_dimer,-271.29222869873047,-271.25838470458984,-271.21590423583984,1.4139772595688544,1.3574761697060456,1.1263604376383318,0.2953157671523272,0.06182079954450501,,-148.47439366245493,,30,,,,,,,cuo
,,,0.0,,0,107.25944345269411,107.25944345269174,0.8596701351739534,,-0.02675628662109375,-0.313873291015625,-1.6060791015625,,-2.1278990166175564,31,,a0_sample6,reference_dimer,-271.67513275146484,-272.04930877685547,-272.31600189208984,1.3628433366868655,1.3474568301265095,1.303627065312229,0.1475927902463389,0.011694324870797164,,-107.38036820935548,,30,,,,,,,cuo
,,,0.0,,0,118.17433339289214,118.17433339288952,0.8483330871806742,,-0.7743606567382812,-1.8462295532226562,-4.867637634277344,,12.53225382497997,31,,a0_sample7,reference_dimer,-270.10205841064453,-273.2578353881836,-270.6979446411133,1.7316537056298158,1.6985186362448859,1.344309133843608,0.03993049185529281,0.008026693085251021,,-118.07472745437535,,30,,,,,,,cuo
,,8,,,,,,,,0.0089111328125,0.0206298828125,0.05120849609375,,-0.15784414805846533,8,,m8,lanczos,-0.1907958984375,-0.1827392578125,-0.161865234375,1.0001016841442174,1.0001013874564315,1.0001065193301288,0.15430392458486178,0.14318640072512417,,0.9809749916486363,0.9795846601234656,,,,,,,,pdo
,,16,,,,,,,,-0.00250244140625,-0.00421142578125,-0.005126953125,,0.05688775613556976,16,,m16,lanczos,-0.2000732421875,-0.2022705078125,-0.20465087890625,1.0001070676825985,1.0001032245120727,1.000112494024098,0.48650111828737913,0.010511590095962585,,0.31216912506517547,0.3110156324400941,,,,,,,,pdo
,,32,,,,,,,,-0.006103515625,-0.0115966796875,-0.02130126953125,,0.12294553014203444,32,,m32,lanczos,-0.2027587890625,-0.20794677734375,-0.21697998046875,1.000101234624562,1.000099392966487,1.0000956092665938,1.0,0.04274579013496367,,0.17509298626277653,0.1705162205706678,,,,,,,,pdo
,,,,,,,,,,0.00848388671875,0.0389404296875,0.1641845703125,,0.051624530803803505,1,bond,bond_0,pool_candidate,-0.19744873046875,-0.1961669921875,-0.19000244140625,1.000186432872206,1.0002696266312474,1.0004359860360277,0.08836577475877384,0.0,,9.044124427232621,,,,,,,,,pdo
,,,,,,,,,,0.00616455078125,0.032958984375,0.1546630859375,,0.06851124900127908,1,bond,bond_1,pool_candidate,-0.1986083984375,-0.198486328125,-0.1937255859375,1.0000827918751307,1.000060250895725,1.000008999398169,0.04274579013500642,0.999999999999,,7.636025220962996,,,,,,,,,pdo
,,,,,,,,,,0.0147705078125,0.0513916015625,0.188232421875,,-0.07791821027909847,1,random,random_2,pool_candidate,-0.194580078125,-0.1903076171875,-0.17755126953125,1.0000253565682617,0.9999477372519396,0.9998769102977211,0.05027551594968094,0.03974490811742502,,8.873696799710777,,,,,,,,,pdo
,,,,,,,,,,0.011474609375,0.0469970703125,0.1904296875,,0.01082213646523013,1,random,random_3,pool_candidate,-0.1966552734375,-0.1947021484375,-0.18707275390625,1.000193434529134,1.0002837335611605,1.0004514219316127,0.08038297555990638,0.1627162192135532,,9.706248074090764,,,,,,,,,pdo
,,,,,,,,,,0.006591796875,0.0399169921875,0.187744140625,,0.13170120968066013,1,random,random_4,pool_candidate,-0.19757080078125,-0.1964111328125,-0.19091796875,1.0000902118905801,1.000085407755591,1.0001816407719655,0.007456129003925712,0.16629334859073377,,10.6040820056107,,,,,,,,,pdo
,,,,,,,,,,0.013427734375,0.04833984375,0.183349609375,,-0.048629467415213054,1,random,random_5,pool_candidate,-0.193115234375,-0.18804931640625,-0.1734619140625,1.0000689288042584,1.0000424123905851,0.999986370474384,0.057424837327622026,0.03894629650626924,,8.785388810876706,,,,,,,,,pdo
,,,,,,,,,,0.01202392578125,0.04498291015625,0.1724853515625,,-0.03385399340446412,1,random,random_6,pool_candidate,-0.19091796875,-0.18304443359375,-0.16290283203125,1.0000893302076905,1.0000746843131945,1.0000426313319777,0.06273043827497463,0.0062361920855776,,8.371424179671507,,,,,,,,,pdo
,,,,,,,,,,0.00677490234375,0.0350341796875,0.15472412109375,,0.0800716999204352,1,random,random_7,pool_candidate,-0.1942138671875,-0.18963623046875,-0.1766357421875,1.000061309191477,1.0000101437662603,0.9999273383805227,0.07861616683253342,0.08054166911545799,,8.656449669903273,,,,,,,,,pdo
,,,,8,,,,,,0.00616455078125,0.032958984375,0.1546630859375,,0.06851047673472332,9,bond,bond,scored_pool_selected,-0.1986083984375,-0.198486328125,-0.1937255859375,1.000082791791536,1.0000602549309838,1.0000089935674952,0.04274579013500642,0.999999999999,,7.637714003751454,,,-3.8170928863204163,,,,,,pdo
,0.31220225461739637,12,,,,,,,0.3977865198610582,-0.005615234375,-0.0096435546875,-0.014404296875,,0.12222200043321914,12,,bond_0_m12_alpha1,penalized_lanczos,-0.2025146484375,-0.2066650390625,-0.21209716796875,1.000114770817412,1.0001271632393032,1.0001539721548691,0.5386860238350321,0.027297233056977132,1.0,0.49657834138425677,,,,bond,bond_0,9.044124427232621,,,pdo
,0.715466422868978,12,,,,,,,-0.7472635746913171,-0.00146484375,0.00189208984375,0.0220947265625,,0.07209830449251352,12,,bond_0_m12_alpha5,penalized_lanczos,-0.1998291015625,-0.2008056640625,-0.1976318359375,1.000155647974452,1.0002087143818894,1.0003163352291893,0.30670918893483395,0.03013401785031339,5.0,1.8138913207843372,,,,bond,bond_0,9.044124427232621,,,pdo
,0.9618154365097427,12,,,,,,,-12.907682667744103,0.0052490234375,0.0245361328125,0.1070556640625,,0.0344821878070854,12,,bond_0_m12_alpha20,penalized_lanczos,-0.19775390625,-0.1962890625,-0.1885986328125,1.000183259016572,1.0002631294835176,1.0004225101120736,0.12895752021890255,0.006193256585056128,20.0,5.5921630471876504,,,,bond,bond_0,9.044124427232621,,,pdo
,0.25324100583359577,12,,,,,,,0.6817830079053412,-0.0048828125,-0.007568359375,-0.00787353515625,,0.11236123400667268,12,,bond_1_m12_alpha1,penalized_lanczos,-0.199462890625,-0.200439453125,-0.19927978515625,1.000091617138125,1.0000798860204374,1.0000619510746456,0.5544090256064389,0.2532410058333426,1.0,0.74928958536502,,,,bond,bond_1,7.636025220962996,,,pdo
,0.8161638475858817,12,,,,,,,-0.7412733034912746,-0.00390625,-0.0008544921875,0.02490234375,,0.13818766304131877,12,,bond_1_m12_alpha5,penalized_lanczos,-0.199951171875,-0.20068359375,-0.19622802734375,1.0001043590560021,1.000104929379078,1.000103494806162,0.16324543871627212,0.8161638475850654,5.0,2.5922069646044803,,,,bond,bond_1,7.636025220962996,,,pdo
,0.9735991631481923,12,,,,,,,-13.86997845490717,0.001220703125,0.0157470703125,0.0875244140625,,0.10127215345068057,12,,bond_1_m12_alpha20,penalized_lanczos,-0.19903564453125,-0.1988525390625,-0.19305419921875,1.0000911944567716,1.0000777342070268,1.0000461178710869,0.058978982047688415,0.9735991631472188,20.0,5.084245823398716,,,,bond,bond_1,7.636025220962996,,,pdo
,0.35303731456121107,12,,,,,,,0.3191027941867867,-0.00048828125,0.0003662109375,0.005615234375,,0.018173640388456508,12,,random_2_m12_alpha1,penalized_lanczos,-0.197998046875,-0.197998046875,-0.19525146484375,1.000100364900716,1.0000969981805916,1.0000879847077075,0.29871831472319266,0.0061212465382758435,1.0,0.45515108065424215,,,,random,random_2,8.873696799710777,,,pdo
,0.7651403247766979,12,,,,,,,-1.0978297660539906,-0.00140380859375,0.001953125,0.0224609375,,0.0716132833770557,12,,random_2_m12_alpha5,penalized_lanczos,-0.19921875,-0.19970703125,-0.1953125,1.0001533444159345,1.0002120913477608,1.0003291195516004,0.15575933464527356,0.04858590540553878,5.0,1.835142426292821,,,,random,random_2,8.873696799710777,,,pdo
,0.9615816727244934,12,,,,,,,-13.542884613003016,0.0086669921875,0.02935791015625,0.107421875,,-0.04919719316811074,12,,random_2_m12_alpha20,penalized_lanczos,-0.193603515625,-0.188232421875,-0.171875,1.0000313285058564,0.999959834276407,0.9998175628175361,0.0706553734283275,0.04267266389605418,20.0,4.94736000519941,,,,random,random_2,8.873696799710777,,,pdo
,0.37154485850546143,12,,,,,,,0.4471427071115225,0.00482177734375,0.0113525390625,0.0284423828125,,-0.08449685261972384,12,,random_3_m12_alpha1,penalized_lanczos,-0.19207763671875,-0.185791015625,-0.1697998046875,1.0000783820031633,1.0000617079412204,1.0000267465589792,0.45126108999966985,0.019326143282250977,1.0,0.5956328889635727,,,,random,random_3,9.706248074090764,,,pdo
,0.735434693802339,12,,,,,,,-0.8887772107921209,0.000244140625,0.0052490234375,0.0289306640625,,0.037677986667046144,12,,random_3_m12_alpha5,penalized_lanczos,-0.197998046875,-0.197265625,-0.190185546875,1.0001593906934079,1.0002154710809097,1.0003266534699926,0.2570964519764429,0.13541190623681895,5.0,1.8286561581029,,,,random,random_3,9.706248074090764,,,pdo
,0.9553612120489353,12,,,,,,,-12.955038537483391,0.0047607421875,0.0230712890625,0.0994873046875,,0.03388741399197437,12,,random_3_m12_alpha20,penalized_lanczos,-0.1966552734375,-0.19427490234375,-0.1842041015625,1.0001927999176914,1.000282547592511,1.0004579418185893,0.11704255689905545,0.1730022650156613,20.0,5.299693969720881,,,,random,random_3,9.706248074090764,,,pdo
,0.26603469397482266,12,,,,,,,0.6526538233886213,-0.0050048828125,-0.0079345703125,-0.0086669921875,,0.11480207052720137,12,,random_4_m12_alpha1,penalized_lanczos,-0.200439453125,-0.20220947265625,-0.2017822265625,1.0001105195527074,1.0001154647776749,1.000135636050062,0.09136500968376741,0.05434003237339447,1.0,0.7288058001653743,,,,random,random_4,10.6040820056107,,,pdo
,0.6682708890032438,12,,,,,,,-0.24053221166864777,-0.0028076171875,-0.00048828125,0.0189208984375,,0.10422881981062003,12,,random_4_m12_alpha5,penalized_lanczos,-0.1993408203125,-0.19970703125,-0.1949462890625,1.000077833119772,1.0000606299040746,1.0000245812026989,0.05062960880156464,0.15677008667918832,5.0,1.9969453782750144,,,,random,random_4,10.6040820056107,,,pdo
,0.9538237279392827,12,,,,,,,-11.987585931052193,0.00201416015625,0.0196533203125,0.10198974609375,,0.11344409697500506,12,,random_4_m12_alpha20,penalized_lanczos,-0.1976318359375,-0.1962890625,-0.188232421875,1.0000777431686103,1.000060654955933,1.0001211840751474,0.012068358742371334,0.1752079153166961,20.0,6.20898574018895,,,,random,random_4,10.6040820056107,,,pdo
,0.3472040747490961,12,,,,,,,0.20029140679300403,-0.00634765625,-0.0115966796875,-0.019287109375,,0.1312361163718232,12,,random_5_m12_alpha1,penalized_lanczos,-0.20257568359375,-0.20703125,-0.2138671875,1.0001025215386343,1.000101181662697,1.0000949629388312,0.2874614048157268,0.0034451478377021975,1.0,0.3187786062518705,,,,random,random_5,8.785388810876706,,,pdo
,0.7218360103808023,12,,,,,,,-1.0232664590363687,-0.006103515625,-0.0081787109375,0.0001220703125,,0.15936213948268477,12,,random_5_m12_alpha5,penalized_lanczos,-0.202880859375,-0.20697021484375,-0.2110595703125,1.0001033164757436,1.000102886930531,1.0000991764534086,0.18545920345060835,0.04454175080521,5.0,1.586186755130797,,,,random,random_5,8.785388810876706,,,pdo
,0.962675405147226,12,,,,,,,-13.250222960071198,0.011474609375,0.0362548828125,0.125,,-0.09975988433069902,12,,random_5_m12_alpha20,penalized_lanczos,-0.1920166015625,-0.18499755859375,-0.166259765625,1.0000852656134616,1.0000752327034752,1.0000525958843234,0.0839689307791268,0.06546671393733157,20.0,5.288962533359817,,,,random,random_5,8.785388810876706,,,pdo
0.3,0.36064329528471056,12,,,,,,,,0.000244140625,0.004638671875,0.025146484375,0,0.030948509292599007,24,,bond_0_m12_eta0.3,constrained_ritz,-0.1976318359375,-0.19598388671875,-0.18634033203125,1.0000532835777634,1.0000118612800053,0.9999281575362439,0.19411786929527441,0.027182372958779486,,1.5554340241776599,,,,bond,bond_0,9.044124427232621,1,1.5562769913108827,pdo
0.6,0.24274747560867246,12,,,,,,,,-0.0059814453125,-0.0106201171875,-0.0164794921875,1,0.12975275437876135,24,,bond_0_m12_eta0.6,constrained_ritz,-0.20257568359375,-0.2071533203125,-0.21337890625,1.000108092012619,1.0001137290046107,1.0001267235161082,0.5547794361524006,0.026727676646231862,,0.4726884948561748,,,,bond,bond_0,9.044124427232621,0,0.4726655736589637,pdo
0.3,0.4256223934230809,12,,,,,,,,0.005615234375,0.015869140625,0.0494384765625,0,-0.06953536812661829,24,,bond_1_m12_eta0.3,constrained_ritz,-0.19256591796875,-0.1856689453125,-0.165283203125,1.0000744468591205,1.0000455917952484,1.0000244990371308,0.22912759945083744,0.4256223934226553,,1.8019803072666907,,,,bond,bond_1,7.636025220962996,1,1.8020944807250745,pdo
0.6,0.18088337155700104,12,,,,,,,,-0.00439453125,-0.0067138671875,-0.0062255859375,1,0.10324643183913104,24,,bond_1_m12_eta0.6,constrained_ritz,-0.19915771484375,-0.20013427734375,-0.1983642578125,1.0000901343442306,1.0000769014631241,1.0000574659957497,0.5665422918022002,0.18088337155682022,,0.7309260241125382,,,,bond,bond_1,7.636025220962996,0,0.740161671290133,pdo
0.3,0.4185062542711596,12,,,,,,,,-0.011474609375,-0.0186767578125,-0.02099609375,0,0.26479933806205286,24,,random_2_m12_eta0.3,constrained_ritz,-0.20458984375,-0.209716796875,-0.2138671875,1.000107281035933,1.000111443554251,1.000119365886334,0.13535193269850362,0.1070648069685412,,1.5960169851817843,,,,random,random_2,8.873696799710777,1,1.598270491999448,pdo
0.6,0.26979410183298214,12,,,,,,,,0.0025634765625,0.00634765625,0.0166015625,1,-0.04290409217902903,24,,random_2_m12_eta0.6,constrained_ritz,-0.194580078125,-0.19140625,-0.1826171875,1.0001005465164963,1.0000928092428132,1.0000886249836658,0.32167461695575583,0.003216225255503094,,0.41690115041144804,,,,random,random_2,8.873696799710777,0,0.4168457555134532,pdo
0.3,0.3761970855637678,12,,,,,,,,0.00732421875,0.01922607421875,0.0565185546875,0,-0.10422892247649472,24,,random_3_m12_eta0.3,constrained_ritz,-0.191162109375,-0.18304443359375,-0.1602783203125,1.0001228476302788,1.0001424789286317,1.0001813511314832,0.258545292474403,0.17268989306712745,,1.7811304599809523,,,,random,random_3,9.706248074090764,1,1.7801903932489032,pdo
0.6,0.29395667952771287,12,,,,,,,,-0.00439453125,-0.00689697265625,-0.00830078125,1,0.0977423589605257,24,,random_3_m12_eta0.6,constrained_ritz,-0.20166015625,-0.2049560546875,-0.20831298828125,1.0001152003845146,1.0001267496141562,1.0001478057090352,0.47730040017902386,0.0058420362492950335,,0.5607381276977752,,,,random,random_3,9.706248074090764,0,0.552282180053403,pdo
0.3,0.37668369276065466,12,,,,,,,,0.002685546875,0.01068115234375,0.0428466796875,0,-0.002189906404416775,24,,random_4_m12_eta0.3,constrained_ritz,-0.197265625,-0.19488525390625,-0.18316650390625,1.0000598900421602,1.0000066797815341,0.9999180783532228,0.05760788252525301,0.17332490677678172,,2.09494637778222,,,,random,random_4,10.6040820056107,1,2.0900334050857308,pdo
0.6,0.2110291912741681,12,,,,,,,,0.0064697265625,0.01507568359375,0.037353515625,1,-0.11472598070753064,24,,random_4_m12_eta0.6,constrained_ritz,-0.192626953125,-0.18670654296875,-0.1708984375,1.0000921175046307,1.0000807799483522,1.0000565113156157,0.09794709002110795,0.04183282492864198,,0.7110743859725673,,,,random,random_4,10.6040820056107,0,0.7107926325742653,pdo
0.3,0.3847902948178916,12,,,,,,,,-0.004150390625,-0.00433349609375,0.00750732421875,0,0.12323003327368764,24,,random_5_m12_eta0.3,constrained_ritz,-0.199951171875,-0.2005615234375,-0.195068359375,1.0000815870711228,1.000060343090671,1.00004236671606,0.09214244794151197,0.007151613471376776,,1.6272212837844826,,,,random,random_5,8.785388810876706,1,1.6207448377823785,pdo
0.6,0.2757677990685591,12,,,,,,,,0.00616455078125,0.01318359375,0.0291748046875,1,-0.11825760380995205,24,,random_5_m12_eta0.6,constrained_ritz,-0.1915283203125,-0.1854248046875,-0.17120361328125,1.0001024553491633,1.000101614633702,1.0000904535720585,0.2952707735032011,0.0020529784316210276,,0.28973204898273675,,,,random,random_5,8.785388810876706,0,0.290364103903607,pdo
,,,500.0,,0,1992.0426184078428,-7.9461321525069435,0.999997187636105,,0.008056640625,0.035888671875,0.1497802734375,,0.03538939145463925,31,,a500_sample0,reference_dimer,-0.19635009765625,-0.1939697265625,-0.18505859375,1.0001044152444054,1.000105869572587,1.0001570145393344,0.0446956543684549,0.035498883807151764,,7.9515686024999495,,30,,,,,,,pdo
,,,500.0,,0,1992.7237263449815,-7.26510916198968,0.9999972088727446,,0.0067138671875,0.03125,0.1319580078125,,0.0438464154198996,31,,a500_sample1,reference_dimer,-0.197265625,-0.1959228515625,-0.18878173828125,1.000142109270201,1.00018774485268,1.0002647362123591,0.02815834376507764,0.05844615763689968,,7.269215156970251,,30,,,,,,,pdo
,,,500.0,,0,1993.6612686193093,-6.332723969650228,0.999998498146058,,0.016845703125,0.050048828125,0.166748046875,,-0.1803258294385497,31,,a500_sample2,reference_dimer,-0.1942138671875,-0.189697265625,-0.1754150390625,1.0001309200629305,1.000159300131963,1.0002253435047117,0.005059550203874752,0.03674904888236192,,6.3315485670707075,,30,,,,,,,pdo
,,,500.0,,0,1990.5842743908793,-9.405872393254997,0.9999975366930403,,0.0152587890625,0.054443359375,0.207275390625,,-0.07056628092746337,31,,a500_sample3,reference_dimer,-0.1959228515625,-0.1932373046875,-0.184326171875,1.000042448567288,0.9999820465332593,0.9999538909530721,0.13373504661607302,0.020976433806841874,,9.397303799186432,,30,,,,,,,pdo
,,,500.0,,0,1987.782732778633,-12.212646330797444,0.9999988447766448,,0.010498046875,0.0496826171875,0.2081298828125,,0.08714925097716539,31,,a500_sample4,reference_dimer,-0.1947021484375,-0.19097900390625,-0.180908203125,1.0000956388534636,1.0000956931717222,1.000092277008792,0.018668128088487876,0.04306626836835426,,12.26148573961785,,30,,,,,,,pdo
,,,500.0,,0,1991.7584698118517,-8.233561897237566,0.9999980079252584,,0.01300048828125,0.04638671875,0.173828125,,-0.05514444696514527,31,,a500_sample5,reference_dimer,-0.1968994140625,-0.19512939453125,-0.186767578125,1.000118901364716,1.0001378228096087,1.0001760421248547,0.011081538201012648,0.0541667477038558,,8.24142961475736,,30,,,,,,,pdo
,,,500.0,,0,1991.3543452392953,-8.63681455153732,0.9999977899452595,,0.0089111328125,0.0396728515625,0.166259765625,,0.03633939199389235,31,,a500_sample6,reference_dimer,-0.19415283203125,-0.189453125,-0.175048828125,1.0000921325289533,1.0000804677865798,1.0000599624471815,0.0700003170565001,0.006815851166951625,,8.63391657274006,,30,,,,,,,pdo
,,,500.0,,0,1991.266668039775,-8.725104218644748,0.9999979430624729,,0.0216064453125,0.06524658203125,0.2183837890625,,-0.21771816491581722,31,,a500_sample7,reference_dimer,-0.19329833984375,-0.1883544921875,-0.173828125,1.0001068865761833,1.000107052603598,1.0000965325506823,0.04243965903788943,0.059980489222022884,,8.735014686922494,,30,,,,,,,pdo
,,,50.0,,0,192.64613550779174,-7.096697210646835,0.9993568749911859,,0.0078125,0.033203125,0.137939453125,,0.022264573481342222,31,,a50_sample0,reference_dimer,-0.194580078125,-0.1905517578125,-0.1776123046875,1.0001033923740494,1.0001037291340042,1.0001044415182025,0.006624096452476829,0.09625555615806532,,7.102558885300921,,30,,,,,,,pdo
,,,50.0,,0,190.14493831559184,-9.480379739630209,0.9990628560186043,,0.01025390625,0.044677734375,0.1868896484375,,0.030621872137276983,31,,a50_sample1,reference_dimer,-0.194580078125,-0.1905517578125,-0.1785888671875,1.0000396431826666,0.999974892357595,0.9998413701916751,0.06246285466097228,0.0032375601462812666,,9.470267066871699,,30,,,,,,,pdo
,,,50.0,,0,193.83653946472145,-5.8896173278150865,0.9993151574767866,,0.00738525390625,0.0291748046875,0.11627197265625,,-0.0008820068074292275,31,,a50_sample2,reference_dimer,-0.19189453125,-0.18463134765625,-0.163818359375,1.000132240230062,1.000175892681999,1.0002594343402462,0.058200414650436134,0.05245046061448742,,5.891963231546092,,30,,,,,,,pdo
,,,50.0,,0,191.4546006221896,-8.249478611924287,0.9992599242292263,,0.010986328125,0.0426025390625,0.16748046875,,-0.014579211900046107,31,,a50_sample3,reference_dimer,-0.194580078125,-0.19091796875,-0.17913818359375,1.0000794708762608,1.000054541555043,1.0000004010686865,0.09028851702408078,0.025643194585046852,,8.256164115427376,,30,,,,,,,pdo
,,,50.0,,0,194.45208494632195,-5.3209685958751685,0.9994324728119507,,0.0133056640625,0.0399169921875,0.1307373046875,,-0.13812937544529083,31,,a50_sample4,reference_dimer,-0.1917724609375,-0.18450927734375,-0.1634521484375,1.0001439046462421,1.0001848073641717,1.0002670727953515,0.054758941642440696,0.0300645220356169,,5.327185989096397,,30,,,,,,,pdo
,,,50.0,,0,192.6881949156307,-7.082072090463806,0.9994255024915862,,0.0048828125,0.0277099609375,0.1282958984375,,0.07865962759077318,31,,a50_sample5,reference_dimer,-0.19769287109375,-0.196533203125,-0.1893310546875,1.0000864353463772,1.00006949903458,1.000035032328801,0.030181831655404175,0.09853950843640275,,7.0784601940417105,,30,,,,,,,pdo
,,,50.0,,0,192.44579612593296,-7.3014917767261736,0.9993680200572487,,0.00567626953125,0.0301513671875,0.138916015625,,0.0679726448414213,31,,a50_sample6,reference_dimer,-0.195068359375,-0.1915283203125,-0.1798095703125,1.0001364763369542,1.0001692974919598,1.0002790530052352,0.017898239816265423,0.06274579961577162,,7.290442509246007,,30,,,,,,,pdo
,,,50.0,,0,190.91203477613135,-8.758863300446528,0.9991769064499786,,0.0064697265625,0.034912109375,0.158203125,,0.08787978150667053,31,,a50_sample7,reference_dimer,-0.1968994140625,-0.19512939453125,-0.1873779296875,1.0000766796434066,1.0000508152337693,0.9999998495274077,0.06273501091817753,0.011067964616019447,,8.764641334690603,,30,,,,,,,pdo
,,,10.0,,0,29.57573528624369,-8.70066117078035,0.9782177218930153,,0.0147705078125,0.0523681640625,0.1982421875,,-0.08015703122113646,31,,a10_sample0,reference_dimer,-0.1934814453125,-0.188232421875,-0.17401123046875,1.0001191551206876,1.0001375490071058,1.0001774530003409,0.0048345243423148394,0.010497484371139232,,8.691178081441606,,30,,,,,,,pdo
,,,10.0,,0,32.376156128949305,-6.6762690378670415,0.9880843229049692,,0.002685546875,0.022216796875,0.1116943359375,,0.11007135192276936,31,,a10_sample1,reference_dimer,-0.1981201171875,-0.19720458984375,-0.19049072265625,1.0001093022924312,1.0001147069791345,1.000122870750624,0.08233430786450667,0.07328618933366667,,6.674028755874053,,30,,,,,,,pdo
,,,10.0,,0,33.53913697979875,-5.893801644925205,0.9928864313797849,,0.01104736328125,0.0369873046875,0.1346435546875,,-0.07492651329495342,31,,a10_sample2,reference_dimer,-0.1949462890625,-0.1910400390625,-0.17803955078125,1.0000979646603787,1.0000913010751882,1.0000730338019794,0.04655202049692615,0.002467700223571195,,5.8898036168239445,,30,,,,,,,pdo
,,,10.0,,0,32.37193420047385,-6.8364156800608695,0.9900549212105896,,0.010498046875,0.0396728515625,0.15899658203125,,-0.03945269608005868,31,,a10_sample3,reference_dimer,-0.19366455078125,-0.1885986328125,-0.17376708984375,1.0000731399510137,1.000050837553164,1.0000031810428285,0.056007288068548995,0.02577320907375403,,6.8099453069910245,,30,,,,,,,pdo
,,,10.0,,0,32.188931416616924,-6.70476835210677,0.9860742843305967,,0.00738525390625,0.031494140625,0.1295166015625,,0.017481654950228426,31,,a10_sample4,reference_dimer,-0.1944580078125,-0.1903076171875,-0.1767578125,1.0001968450331686,1.0003251473183883,1.0005540460941968,0.019298522673539927,0.04407679877459356,,6.707557233850636,,30,,,,,,,pdo
,,,10.0,,0,32.03515325840184,-7.053464338124868,0.9885420779679754,,0.0084228515625,0.03497314453125,0.1434326171875,,0.006841181324134841,31,,a10_sample5,reference_dimer,-0.1943359375,-0.18994140625,-0.177001953125,1.0000625367959264,1.0000216463620808,0.9999386260791966,0.0117087532712746,0.05617411736780684,,7.048344489790955,,30,,,,,,,pdo
,,,10.0,,0,32.69193214434616,-6.5661492910666,0.9906826110745294,,0.0089111328125,0.034423828125,0.1341552734375,,-0.017673772686542695,31,,a10_sample6,reference_dimer,-0.19671630859375,-0.1944580078125,-0.184814453125,1.0000168850823328,0.9999281709178824,0.9997174889766226,0.0062712678677419725,0.015163669666329677,,6.568510067017986,,30,,,,,,,pdo
,,,10.0,,0,33.603972163047345,-5.891443040273049,0.9936726725049084,,0.00506591796875,0.0250244140625,0.10888671875,,0.04280464518584543,31,,a10_sample7,reference_dimer,-0.1923828125,-0.185546875,-0.16644287109375,1.000174644207863,1.0002442844244464,1.0003780444342723,0.01267229049002552,0.0025199848588504047,,5.892496376870644,,30,,,,,,,pdo
,,,5.0,,0,12.816921375819598,-5.256055461256503,0.950604461305427,,-0.002197265625,0.0089111328125,0.0697021484375,,0.1726696740522811,31,,a5_sample0,reference_dimer,-0.19891357421875,-0.19921875,-0.1944580078125,1.0000456133201632,0.9999957700845952,0.9999678487304791,0.026120674088970564,0.08316927370119499,,5.262442804752552,,30,,,,,,,pdo
,,,5.0,,0,13.789032714720282,-4.533395377896603,0.9571423115872829,,0.01348876953125,0.0384521484375,0.1217041015625,,-0.15800822129809083,31,,a5_sample1,reference_dimer,-0.19158935546875,-0.184326171875,-0.1641845703125,1.0000956141910275,1.0000873007912723,1.0000445874069894,0.04099768803824664,0.059977435150995406,,4.534757715114405,,30,,,,,,,pdo
,,,5.0,,0,13.281398228341645,-5.709231767780418,0.9744390693143674,,0.0009765625,0.0167236328125,0.0933837890625,,0.12005786077406551,31,,a5_sample2,reference_dimer,-0.194091796875,-0.18914794921875,-0.17431640625,1.000105742376686,1.000107815413111,1.0001099240728093,0.021357251843019735,0.012863840690967878,,5.709357961185689,,30,,,,,,,pdo
,,,5.0,,0,13.768963162213272,-4.977227930022755,0.9681474859812372,,0.00177001953125,0.0162353515625,0.0826416015625,,0.08602367175888133,31,,a5_sample3,reference_dimer,-0.2025146484375,-0.2056884765625,-0.206787109375,1.0001077571013937,1.0001116633985434,1.0001168895816885,0.09926253505468241,0.043917178482305426,,4.975844579943564,,30,,,,,,,pdo
,,,5.0,,0,12.959841340566758,-5.353213582557847,0.9568974585379144,,0.006103515625,0.02532958984375,0.104248046875,,0.012750312569488569,31,,a5_sample4,reference_dimer,-0.199462890625,-0.19976806640625,-0.195556640625,1.0000984894139395,1.00009293530887,1.0002264155531695,0.006355927333772078,0.15560432681279185,,5.353240837488856,,30,,,,,,,pdo
,,,5.0,,0,13.187938077426475,-5.506698938434825,0.9668153136939807,,0.0087890625,0.03167724609375,0.11907958984375,,-0.040903763019837766,31,,a5_sample5,reference_dimer,-0.1922607421875,-0.18548583984375,-0.16619873046875,1.0001134481529983,1.000122946464583,1.0001388873439085,0.13299986654070262,0.08664873769705267,,5.4993435285981525,,30,,,,,,,pdo
,,,5.0,,0,12.972280320219909,-5.578640169897675,0.96309190864939,,0.00604248046875,0.0263671875,0.10882568359375,,0.01418434138557653,31,,a5_sample6,reference_dimer,-0.197998046875,-0.19757080078125,-0.1910400390625,1.000115757216243,1.0001329410064366,1.0002151132360921,0.03245659690212091,0.03585887865951282,,5.578310129522531,,30,,,,,,,pdo
,,,5.0,,0,13.187114876780681,-5.489757709845377,0.9663558502596971,,0.006591796875,0.02764892578125,0.11602783203125,,0.004386296695961742,31,,a5_sample7,reference_dimer,-0.19549560546875,-0.192138671875,-0.18017578125,1.000093968908798,1.0000850004845414,1.0000673694753295,0.056118454608114175,0.02174511365132165,,5.481544373584127,,30,,,,,,,pdo
,,,1.0,,0,-0.8631117830631894,-3.6719566485366895,0.8379804391323482,,0.006103515625,0.021728515625,0.0819091796875,,-0.03278189672200803,31,,a1_sample0,reference_dimer,-0.19378662109375,-0.1883544921875,-0.1712646484375,1.000114327410234,1.000124188514537,1.0001394523295295,0.03938227536349223,0.012293134896521826,,3.6716276058073674,,30,,,,,,,pdo
,,,1.0,,0,-0.007590859272985206,-2.910664297282222,0.8519203950501184,,0.0111083984375,0.029541015625,0.089111328125,,-0.15049441679741707,31,,a1_sample1,reference_dimer,-0.195068359375,-0.19091796875,-0.176513671875,1.0000745884005984,1.0000453382673868,0.9999843483853481,0.023904424765274396,0.0025576553315933407,,2.9121828492967565,,30,,,,,,,pdo
,,,1.0,,0,0.8830931454496529,-2.0223106921608247,0.8522622597549305,,0.0037841796875,0.012451171875,0.0447998046875,,-0.025225997751606524,31,,a1_sample2,reference_dimer,-0.194091796875,-0.1893310546875,-0.1737060546875,1.000128797667412,1.0001536824513302,1.0002011028155562,0.16852751370405492,0.03732641439178459,,2.0239825274785836,,30,,,,,,,pdo
,,,1.0,,0,0.08225146575634935,-2.770504318522823,0.8445051486341967,,0.0013427734375,0.0098876953125,0.04833984375,,0.04086513573259701,31,,a1_sample3,reference_dimer,-0.1956787109375,-0.1922607421875,-0.179931640625,1.0001185968291961,1.0001334827758235,1.0001880231093734,0.04394370340129036,0.054050752797181814,,2.765764683352058,,30,,,,,,,pdo
,,,1.0,,0,-0.23500493762138885,-3.1289415155029006,0.8505787115079521,,0.00537109375,0.01898193359375,0.0704345703125,,-0.03261740167103863,31,,a1_sample4,reference_dimer,-0.19329833984375,-0.187255859375,-0.16912841796875,1.0001055081061079,1.0001075676305768,1.000108846223288,0.06114842942880111,0.010897146270496295,,3.121811530195546,,30,,,,,,,pdo
,,,1.0,,0,0.5272928447246569,-2.4464896527915356,0.8622329293056645,,-0.0098876953125,-0.0135498046875,-0.00439453125,,0.25427069201576014,31,,a1_sample5,reference_dimer,-0.2015380859375,-0.20404052734375,-0.20355224609375,1.0000959991934273,1.0000885795824093,1.0000956808541663,0.05657616763796274,0.0019323016638499652,,2.451729967445554,,30,,,,,,,pdo
,,,1.0,,0,0.021949039706906245,-2.894342597381043,0.8538576633561394,,-0.0096435546875,-0.01190185546875,0.0045166015625,,0.2633949219264104,31,,a1_sample6,reference_dimer,-0.20184326171875,-0.2044677734375,-0.20355224609375,1.0000318889579045,0.9999610840946493,0.9998205802128433,0.015618052151093232,0.044276757236174205,,2.896790135198566,,30,,,,,,,pdo
,,,1.0,,0,1.103147308185647,-1.9044721819546293,0.867124485027979,,0.00732421875,0.01947021484375,0.0582275390625,,-0.10159480775442832,31,,a1_sample7,reference_dimer,-0.19482421875,-0.1900634765625,-0.175048828125,1.0000671066162832,1.0000311984037749,0.9999590897968297,0.15754773606670677,0.002375764984500887,,1.904155956636581,,30,,,,,,,pdo
,,,0.0,,0,-2.566641675409856,-2.566641675412722,0.846604555839751,,0.002685546875,0.01202392578125,0.05029296875,,0.008292532471003004,31,,a0_sample0,reference_dimer,-0.19757080078125,-0.19586181640625,-0.18658447265625,1.00011297457833,1.0001223929382144,1.0001396777465772,0.06233293096539887,0.03804434304924137,,2.569021410882618,,30,,,,,,,pdo
,,,0.0,,0,-2.7936951099314395,-2.7936951099342906,0.8440389122345825,,0.00555419921875,0.0184326171875,0.065673828125,,-0.04526922898302552,31,,a0_sample1,reference_dimer,-0.19464111328125,-0.1895751953125,-0.1734619140625,1.0001057548276955,1.0001075464596896,1.0001084789754688,0.0923504533599415,0.04842969194170631,,2.7942870854936896,,30,,,,,,,pdo
,,,0.0,,0,-2.533385769878676,-2.533385769881508,0.8412437222003346,,0.0025634765625,0.01171875,0.0491943359375,,0.009023681331745526,31,,a0_sample2,reference_dimer,-0.1953125,-0.191162109375,-0.1767578125,1.0000535332216656,1.0000043299164638,0.9999568801320616,0.0971336593631911,0.0723478520560816,,2.5355387940101526,,30,,,,,,,pdo
,,,0.0,,0,-2.8280834187141846,-2.8280834187170303,0.8434084717223164,,0.0093994140625,0.0260009765625,0.081298828125,,-0.11824206592724616,31,,a0_sample3,reference_dimer,-0.1929931640625,-0.1864013671875,-0.16766357421875,1.0001156959404753,1.0001394470821783,1.0001825429009188,0.03153818471382659,0.0575121541537798,,2.8291624969762617,,30,,,,,,,pdo
,,,0.0,,0,-3.002988250655995,-3.002988250658815,0.8400990545403254,,0.015625,0.038818359375,0.10797119140625,,-0.2381161596129196,31,,a0_sample4,reference_dimer,-0.1900634765625,-0.180908203125,-0.15673828125,1.0001049401833073,1.0001062886286334,1.0001333817170501,0.11274642317643081,0.040859459446228416,,2.997467051241918,,30,,,,,,,pdo
,,,0.0,,0,-2.503502912934082,-2.5035029129368844,0.8371202292467027,,0.01171875,0.02984619140625,0.0853271484375,,-0.17421759382795857,31,,a0_sample5,reference_dimer,-0.1888427734375,-0.1787109375,-0.1527099609375,1.0000917321277025,1.0000799253503674,1.0000548618421847,0.19429282823155228,0.10326301898191097,,2.49814791990523,,30,,,,,,,pdo
,,,0.0,,0,-3.2352239941102527,-3.2352239941130922,0.8425276711168389,,0.005859375,0.019775390625,0.07275390625,,-0.03758386328268091,31,,a0_sample6,reference_dimer,-0.1939697265625,-0.188720703125,-0.1724853515625,1.0001157915644265,1.0001367946120279,1.000177635922683,0.16580923424286179,0.045829525245520475,,3.2343375491923516,,30,,,,,,,pdo
,,,0.0,,0,-2.511875250755336,-2.5118752507581963,0.8455054603190536,,0.002197265625,0.010986328125,0.04937744140625,,0.018242460137133504,31,,a0_sample7,reference_dimer,-0.19635009765625,-0.1932373046875,-0.1802978515625,1.0000969762708254,1.0000902755907222,1.0000748996659914,0.09542603456522997,0.04362728599785698,,2.508013342046746,,30,,,,,,,pdo
